-- phpMyAdmin SQL Dump
-- version 5.1.1
-- https://www.phpmyadmin.net/
--
-- Хост: 127.0.0.1
-- Время создания: Окт 21 2025 г., 15:33
-- Версия сервера: 10.4.21-MariaDB
-- Версия PHP: 8.0.10

SET SQL_MODE = "NO_AUTO_VALUE_ON_ZERO";
START TRANSACTION;
SET time_zone = "+00:00";


/*!40101 SET @OLD_CHARACTER_SET_CLIENT=@@CHARACTER_SET_CLIENT */;
/*!40101 SET @OLD_CHARACTER_SET_RESULTS=@@CHARACTER_SET_RESULTS */;
/*!40101 SET @OLD_COLLATION_CONNECTION=@@COLLATION_CONNECTION */;
/*!40101 SET NAMES utf8mb4 */;

--
-- База данных: `conference_db`
--

-- --------------------------------------------------------

--
-- Структура таблицы `activity`
--

CREATE TABLE `activity` (
  `id` int(11) NOT NULL,
  `event_id` int(11) NOT NULL,
  `title` varchar(512) NOT NULL,
  `day_num` int(11) DEFAULT NULL,
  `start_time` time DEFAULT NULL,
  `end_time` time DEFAULT NULL,
  `moderator_id` int(11) DEFAULT NULL
) ENGINE=InnoDB DEFAULT CHARSET=utf8mb4;

--
-- Дамп данных таблицы `activity`
--

INSERT INTO `activity` (`id`, `event_id`, `title`, `day_num`, `start_time`, `end_time`, `moderator_id`) VALUES
(1, 1, 'Лидерство в бизнесе', 1, '09:00:00', '10:30:00', 41),
(2, 1, 'Технология принятия решений', 2, '10:45:00', '12:15:00', 42),
(3, 1, 'Искусство коучинга', 2, '12:30:00', '14:00:00', 43),
(4, 2, 'Переговоры от "А" до "Я"', 1, '09:00:00', '10:30:00', 44),
(5, 2, 'Телефонные переговоры', 2, '10:45:00', '12:15:00', 45),
(6, 2, 'Навыки подготовки', 2, '12:30:00', '14:00:00', 46),
(7, 3, 'Новые продукты и версии', 1, '09:00:00', '10:30:00', 47),
(8, 3, 'Big Data', 2, '10:45:00', '12:15:00', 48),
(9, 3, 'Must Have 21 века', 2, '12:30:00', '14:00:00', 49),
(10, 4, 'Управление знаниями', 1, '09:00:00', '10:30:00', 50),
(11, 4, 'Коммуникативные неудачи', 1, '10:45:00', '12:15:00', 51),
(12, 4, 'Дизайн-мышление', 2, '12:30:00', '14:00:00', 52),
(13, 5, 'Технические собеседования', 1, '09:00:00', '10:30:00', 53),
(14, 5, 'Исследование рынка', 2, '10:45:00', '12:15:00', 54),
(15, 5, 'Рекрутинг', 3, '12:30:00', '14:00:00', 55),
(16, 6, 'Kanban', 1, '09:00:00', '10:30:00', 56),
(17, 6, 'Способы поиска специалистов', 1, '10:45:00', '12:15:00', 57),
(18, 6, 'Роли HR', 1, '12:30:00', '14:00:00', 58),
(19, 7, 'Осознанность личных целей', 1, '09:00:00', '10:30:00', 59),
(20, 7, 'Soft skills', 1, '10:45:00', '12:15:00', 60),
(21, 7, 'Развитие проактивности', 2, '12:30:00', '14:00:00', 61),
(22, 8, 'Введение в IT-субкультуру', 1, '09:00:00', '10:30:00', 52),
(23, 8, 'Управление знаниями', 1, '10:45:00', '12:15:00', 53),
(24, 8, 'Развитие проактивности', 1, '16:00:00', '17:30:00', 54),
(25, 9, 'Идельный результат', 1, '09:00:00', '10:30:00', 57),
(26, 9, 'Тайны и секреты', 2, '10:45:00', '12:15:00', 58),
(27, 9, 'Рычаги', 2, '12:30:00', '14:00:00', 59),
(28, 10, 'Войти в ТОП', 1, '09:00:00', '10:30:00', 43),
(29, 10, 'Секреты продвижения', 1, '10:45:00', '12:15:00', 44),
(30, 10, 'Руководство проектами', 2, '12:30:00', '14:00:00', 45);

-- --------------------------------------------------------

--

-- --------------------------------------------------------

--
-- Структура таблицы `activity_participant`
--

CREATE TABLE `activity_participant` (
  `activity_id` int(11) NOT NULL,
  `participant_id` int(11) NOT NULL
) ENGINE=InnoDB DEFAULT CHARSET=utf8mb4;

--
-- Дамп данных таблицы `activity_participant`
--

INSERT INTO `activity_participant` (`activity_id`, `participant_id`) VALUES
(1, 21),
(1, 31),
(2, 21),
(2, 31),
(3, 21),
(3, 31),
(4, 22),
(4, 32),
(5, 22),
(5, 32),
(6, 22),
(6, 32),
(7, 23),
(7, 33),
(8, 23),
(8, 33),
(9, 23),
(9, 33),
(10, 24),
(10, 34),
(11, 24),
(11, 34),
(12, 24),
(12, 34),
(13, 25),
(13, 35),
(14, 25),
(14, 35),
(15, 25),
(15, 35),
(16, 26),
(16, 36),
(17, 26),
(17, 36),
(18, 26),
(18, 36),
(19, 27),
(19, 37),
(20, 27),
(20, 37),
(21, 27),
(21, 37),
(22, 28),
(22, 38),
(23, 28),
(23, 38),
(24, 28),
(24, 38),
(25, 29),
(25, 39),
(26, 29),
(26, 39),
(27, 29),
(27, 39),
(28, 30),
(28, 40),
(29, 30),
(29, 40),
(30, 30),
(30, 40);

-- Структура таблицы `activity_jury`
--

CREATE TABLE `activity_jury` (
  `activity_id` int(11) NOT NULL,
  `jury_id` int(11) NOT NULL
) ENGINE=InnoDB DEFAULT CHARSET=utf8mb4;

--
-- Дамп данных таблицы `activity_jury`
--

INSERT INTO `activity_jury` (`activity_id`, `jury_id`) VALUES
(1, 11),
(1, 12),
(1, 13),
(2, 14),
(2, 15),
(2, 16),
(3, 17),
(3, 18),
(3, 19),
(4, 11),
(4, 12),
(4, 20),
(5, 13),
(5, 14),
(5, 15),
(6, 16),
(6, 17),
(6, 18),
(7, 11),
(7, 19),
(7, 20),
(8, 12),
(8, 13),
(8, 14),
(9, 15),
(9, 16),
(9, 17),
(10, 18),
(10, 19),
(10, 20),
(11, 11),
(11, 12),
(11, 13),
(12, 14),
(12, 15),
(12, 16),
(13, 17),
(13, 18),
(13, 19),
(14, 11),
(14, 12),
(14, 20),
(15, 13),
(15, 14),
(15, 15),
(16, 16),
(16, 17),
(16, 18),
(17, 11),
(17, 19),
(17, 20),
(18, 12),
(18, 13),
(18, 14),
(19, 15),
(19, 16),
(19, 17),
(20, 18),
(20, 19),
(20, 20),
(21, 11),
(21, 12),
(21, 13),
(22, 14),
(22, 15),
(22, 16),
(23, 17),
(23, 18),
(23, 19),
(24, 11),
(24, 12),
(24, 20),
(25, 13),
(25, 14),
(25, 15),
(26, 16),
(26, 17),
(26, 18),
(27, 11),
(27, 19),
(27, 20),
(28, 12),
(28, 13),
(28, 14),
(29, 15),
(29, 16),
(29, 17),
(30, 18),
(30, 19),
(30, 20)
);

-- --------------------------------------------------------

--
-- Структура таблицы `activity_winner`
--

CREATE TABLE `activity_winner` (
  `id` int(11) NOT NULL,
  `activity_id` int(11) NOT NULL,
  `winner_name` varchar(255) COLLATE utf8mb4_unicode_ci DEFAULT NULL
) ENGINE=InnoDB DEFAULT CHARSET=utf8mb4 COLLATE=utf8mb4_unicode_ci;

--
-- Дамп данных таблицы `activity_winner`
--

INSERT INTO `activity_winner` (`id`, `activity_id`, `winner_name`) VALUES
(1, 1, 'Ершова Нора Федотовна'),
(2, 2, 'Ершова Нора Федотовна'),
(3, 3, 'Ершова Нора Федотовна'),
(4, 4, 'Афанасьева Жанна Валентиновна'),
(5, 5, 'Афанасьева Жанна Валентиновна'),
(6, 6, 'Афанасьева Жанна Валентиновна'),
(7, 7, 'Крылова Рая Всеволодовна'),
(8, 8, 'Крылова Рая Всеволодовна'),
(9, 9, 'Крылова Рая Всеволодовна'),
(10, 10, 'Попова Вида Тимофеевна'),
(11, 11, 'Попова Вида Тимофеевна'),
(12, 12, 'Попова Вида Тимофеевна'),
(13, 13, 'Давыдова Сандра Богуславовна'),
(14, 14, 'Давыдова Сандра Богуславовна'),
(15, 15, 'Давыдова Сандра Богуславовна'),
(16, 16, 'Прохорова Сабина Созоновна'),
(17, 17, 'Прохорова Сабина Созоновна'),
(18, 18, 'Прохорова Сабина Созоновна'),
(19, 19, 'Громова Сильва Адольфовна'),
(20, 20, 'Громова Сильва Адольфовна'),
(21, 21, 'Громова Сильва Адольфовна'),
(22, 22, 'Фокина Алия Юлиановна'),
(23, 23, 'Фокина Алия Юлиановна'),
(24, 24, 'Фокина Алия Юлиановна'),
(25, 25, 'Горшкова Дина Тарасовна'),
(26, 26, 'Горшкова Дина Тарасовна'),
(27, 27, 'Горшкова Дина Тарасовна'),
(28, 28, 'Бурова Келен Натановна'),
(29, 29, 'Бурова Келен Натановна'),
(30, 30, 'Бурова Келен Натановна');

-- --------------------------------------------------------

--
-- Структура таблицы `city`
--

CREATE TABLE `city` (
  `id` int(11) NOT NULL,
  `country_id` int(11) NOT NULL,
  `name` varchar(128) NOT NULL
) ENGINE=InnoDB DEFAULT CHARSET=utf8mb4;

--
-- Дамп данных таблицы `city`
--

INSERT INTO `city` (`id`, `country_id`, `name`) VALUES
(1, 168, 'Абаза'),
(2, 168, 'Абакан'),
(3, 168, 'Абдулино'),
(4, 168, 'Абинск'),
(5, 168, 'Агидель'),
(6, 168, 'Агрыз'),
(7, 168, 'Адыгейск'),
(8, 168, 'Азнакаево'),
(9, 168, 'Азов'),
(10, 168, 'Ак-Довурак'),
(11, 168, 'Аксай'),
(12, 168, 'Алагир'),
(13, 168, 'Алапаевск'),
(14, 168, 'Алатырь'),
(15, 168, 'Алдан'),
(16, 168, 'Алейск'),
(17, 168, 'Александров'),
(18, 168, 'Александровск'),
(19, 168, 'Александровск-Сахалинский'),
(20, 168, 'Алексеевка'),
(21, 168, 'Алексин'),
(22, 168, 'Алзамай'),
(23, 168, 'Алупкане призн.'),
(24, 168, 'Алуштане призн.'),
(25, 168, 'Альметьевск'),
(26, 168, 'Амурск'),
(27, 168, 'Анадырь'),
(28, 168, 'Анапа'),
(29, 168, 'Ангарск'),
(30, 168, 'Андреаполь'),
(31, 168, 'Анжеро-Судженск'),
(32, 168, 'Анива'),
(33, 168, 'Апатиты'),
(34, 168, 'Апрелевка'),
(35, 168, 'Апшеронск'),
(36, 168, 'Арамиль'),
(37, 168, 'Аргун'),
(38, 168, 'Ардатов'),
(39, 168, 'Ардон'),
(40, 168, 'Арзамас'),
(41, 168, 'Аркадак'),
(42, 168, 'Армавир'),
(43, 168, 'Армянскне призн.'),
(44, 168, 'Арсеньев'),
(45, 168, 'Арск'),
(46, 168, 'Артём'),
(47, 168, 'Артёмовск'),
(48, 168, 'Артёмовский'),
(49, 168, 'Архангельск'),
(50, 168, 'Асбест'),
(51, 168, 'Асино'),
(52, 168, 'Астрахань'),
(53, 168, 'Аткарск'),
(54, 168, 'Ахтубинск'),
(55, 168, 'Ачинск'),
(56, 168, 'Аша'),
(57, 168, 'Бабаево'),
(58, 168, 'Бабушкин'),
(59, 168, 'Бавлы'),
(60, 168, 'Багратионовск'),
(61, 168, 'Байкальск'),
(62, 168, 'Баймак'),
(63, 168, 'Бакал'),
(64, 168, 'Баксан'),
(65, 168, 'Балабаново'),
(66, 168, 'Балаково'),
(67, 168, 'Балахна'),
(68, 168, 'Балашиха'),
(69, 168, 'Балашов'),
(70, 168, 'Балей'),
(71, 168, 'Балтийск'),
(72, 168, 'Барабинск'),
(73, 168, 'Барнаул'),
(74, 168, 'Барыш'),
(75, 168, 'Батайск'),
(76, 168, 'Бахчисарайне призн.'),
(77, 168, 'Бежецк'),
(78, 168, 'Белая Калитва'),
(79, 168, 'Белая Холуница'),
(80, 168, 'Белгород'),
(81, 168, 'Белебей'),
(82, 168, 'Белёв'),
(83, 168, 'Белинский'),
(84, 168, 'Белово'),
(85, 168, 'Белогорск'),
(86, 168, 'Белогорскне призн.'),
(87, 168, 'Белозерск'),
(88, 168, 'Белокуриха'),
(89, 168, 'Беломорск'),
(90, 168, 'Белоозёрский'),
(91, 168, 'Белорецк'),
(92, 168, 'Белореченск'),
(93, 168, 'Белоусово'),
(94, 168, 'Белоярский'),
(95, 168, 'Белый'),
(96, 168, 'Бердск'),
(97, 168, 'Березники'),
(98, 168, 'Берёзовский'),
(99, 168, 'Беслан'),
(100, 168, 'Бийск'),
(101, 168, 'Бикин'),
(102, 168, 'Билибино'),
(103, 168, 'Биробиджан'),
(104, 168, 'Бирск'),
(105, 168, 'Бирюсинск'),
(106, 168, 'Бирюч'),
(107, 168, 'Благовещенск'),
(108, 168, 'Благодарный'),
(109, 168, 'Бобров'),
(110, 168, 'Богданович'),
(111, 168, 'Богородицк'),
(112, 168, 'Богородск'),
(113, 168, 'Боготол'),
(114, 168, 'Богучар'),
(115, 168, 'Бодайбо'),
(116, 168, 'Бокситогорск'),
(117, 168, 'Болгар'),
(118, 168, 'Бологое'),
(119, 168, 'Болотное'),
(120, 168, 'Болохово'),
(121, 168, 'Болхов'),
(122, 168, 'Большой Камень'),
(123, 168, 'Бор'),
(124, 168, 'Борзя'),
(125, 168, 'Борисоглебск'),
(126, 168, 'Боровичи'),
(127, 168, 'Боровск'),
(128, 168, 'Бородино'),
(129, 168, 'Братск'),
(130, 168, 'Бронницы'),
(131, 168, 'Брянск'),
(132, 168, 'Бугульма'),
(133, 168, 'Бугуруслан'),
(134, 168, 'Будённовск'),
(135, 168, 'Бузулук'),
(136, 168, 'Буинск'),
(137, 168, 'Буй'),
(138, 168, 'Буйнакск'),
(139, 168, 'Бутурлиновка'),
(140, 168, 'Валдай'),
(141, 168, 'Валуйки'),
(142, 168, 'Велиж'),
(143, 168, 'Великие Луки'),
(144, 168, 'Великий Новгород'),
(145, 168, 'Великий Устюг'),
(146, 168, 'Вельск'),
(147, 168, 'Венёв'),
(148, 168, 'Верещагино'),
(149, 168, 'Верея'),
(150, 168, 'Верхнеуральск'),
(151, 168, 'Верхний Тагил'),
(152, 168, 'Верхний Уфалей'),
(153, 168, 'Верхняя Пышма'),
(154, 168, 'Верхняя Салда'),
(155, 168, 'Верхняя Тура'),
(156, 168, 'Верхотурье'),
(157, 168, 'Верхоянск'),
(158, 168, 'Весьегонск'),
(159, 168, 'Ветлуга'),
(160, 168, 'Видное'),
(161, 168, 'Вилюйск'),
(162, 168, 'Вилючинск'),
(163, 168, 'Вихоревка'),
(164, 168, 'Вичуга'),
(165, 168, 'Владивосток'),
(166, 168, 'Владикавказ'),
(167, 168, 'Владимир'),
(168, 168, 'Волгоград'),
(169, 168, 'Волгодонск'),
(170, 168, 'Волгореченск'),
(171, 168, 'Волжск'),
(172, 168, 'Волжский'),
(173, 168, 'Вологда'),
(174, 168, 'Володарск'),
(175, 168, 'Волоколамск'),
(176, 168, 'Волосово'),
(177, 168, 'Волхов'),
(178, 168, 'Волчанск'),
(179, 168, 'Вольск'),
(180, 168, 'Воркута'),
(181, 168, 'Воронеж'),
(182, 168, 'Ворсма'),
(183, 168, 'Воскресенск'),
(184, 168, 'Воткинск'),
(185, 168, 'Всеволожск'),
(186, 168, 'Вуктыл'),
(187, 168, 'Выборг'),
(188, 168, 'Выкса'),
(189, 168, 'Высоковск'),
(190, 168, 'Высоцк'),
(191, 168, 'Вытегра'),
(192, 168, 'Вышний Волочёк'),
(193, 168, 'Вяземский'),
(194, 168, 'Вязники'),
(195, 168, 'Вязьма'),
(196, 168, 'Вятские Поляны'),
(197, 168, 'Гаврилов Посад'),
(198, 168, 'Гаврилов-Ям'),
(199, 168, 'Гагарин'),
(200, 168, 'Гаджиево'),
(201, 168, 'Гай'),
(202, 168, 'Галич'),
(203, 168, 'Гатчина'),
(204, 168, 'Гвардейск'),
(205, 168, 'Гдов'),
(206, 168, 'Геленджик'),
(207, 168, 'Георгиевск'),
(208, 168, 'Глазов'),
(209, 168, 'Голицыно'),
(210, 168, 'Горбатов'),
(211, 168, 'Горно-Алтайск'),
(212, 168, 'Горнозаводск'),
(213, 168, 'Горняк'),
(214, 168, 'Городец'),
(215, 168, 'Городище'),
(216, 168, 'Городовиковск'),
(217, 168, 'Гороховец'),
(218, 168, 'Горячий Ключ'),
(219, 168, 'Грайворон'),
(220, 168, 'Гремячинск'),
(221, 168, 'Грозный'),
(222, 168, 'Грязи'),
(223, 168, 'Грязовец'),
(224, 168, 'Губаха'),
(225, 168, 'Губкин'),
(226, 168, 'Губкинский'),
(227, 168, 'Гудермес'),
(228, 168, 'Гуково'),
(229, 168, 'Гулькевичи'),
(230, 168, 'Гурьевск'),
(231, 168, 'Гусев'),
(232, 168, 'Гусиноозёрск'),
(233, 168, 'Гусь-Хрустальный'),
(234, 168, 'Давлеканово'),
(235, 168, 'Дагестанские Огни'),
(236, 168, 'Далматово'),
(237, 168, 'Дальнегорск'),
(238, 168, 'Дальнереченск'),
(239, 168, 'Данилов'),
(240, 168, 'Данков'),
(241, 168, 'Дегтярск'),
(242, 168, 'Дедовск'),
(243, 168, 'Демидов'),
(244, 168, 'Дербент'),
(245, 168, 'Десногорск'),
(246, 168, 'Джанкойне призн.'),
(247, 168, 'Дзержинск'),
(248, 168, 'Дзержинский'),
(249, 168, 'Дивногорск'),
(250, 168, 'Дигора'),
(251, 168, 'Димитровград'),
(252, 168, 'Дмитриев'),
(253, 168, 'Дмитров'),
(254, 168, 'Дмитровск'),
(255, 168, 'Дно'),
(256, 168, 'Добрянка'),
(257, 168, 'Долгопрудный'),
(258, 168, 'Долинск'),
(259, 168, 'Домодедово'),
(260, 168, 'Донецк'),
(261, 168, 'Донской'),
(262, 168, 'Дорогобуж'),
(263, 168, 'Дрезна'),
(264, 168, 'Дубна'),
(265, 168, 'Дубовка'),
(266, 168, 'Дудинка'),
(267, 168, 'Духовщина'),
(268, 168, 'Дюртюли'),
(269, 168, 'Дятьково'),
(270, 168, 'Евпаторияне призн.'),
(271, 168, 'Егорьевск'),
(272, 168, 'Ейск'),
(273, 168, 'Екатеринбург'),
(274, 168, 'Елабуга'),
(275, 168, 'Елец'),
(276, 168, 'Елизово'),
(277, 168, 'Ельня'),
(278, 168, 'Еманжелинск'),
(279, 168, 'Емва'),
(280, 168, 'Енисейск'),
(281, 168, 'Ермолино'),
(282, 168, 'Ершов'),
(283, 168, 'Ессентуки'),
(284, 168, 'Ефремов'),
(285, 168, 'Железноводск'),
(286, 168, 'Железногорск'),
(287, 168, 'Железногорск-Илимский'),
(288, 168, 'Жердевка'),
(289, 168, 'Жигулёвск'),
(290, 168, 'Жиздра'),
(291, 168, 'Жирновск'),
(292, 168, 'Жуков'),
(293, 168, 'Жуковка'),
(294, 168, 'Жуковский'),
(295, 168, 'Завитинск'),
(296, 168, 'Заводоуковск'),
(297, 168, 'Заволжск'),
(298, 168, 'Заволжье'),
(299, 168, 'Задонск'),
(300, 168, 'Заинск'),
(301, 168, 'Закаменск'),
(302, 168, 'Заозёрный'),
(303, 168, 'Заозёрск'),
(304, 168, 'Западная Двина'),
(305, 168, 'Заполярный'),
(306, 168, 'Зарайск'),
(307, 168, 'Заречный'),
(308, 168, 'Заринск'),
(309, 168, 'Звенигово'),
(310, 168, 'Звенигород'),
(311, 168, 'Зверево'),
(312, 168, 'Зеленогорск'),
(313, 168, 'Зеленоградск'),
(314, 168, 'Зеленодольск'),
(315, 168, 'Зеленокумск'),
(316, 168, 'Зерноград'),
(317, 168, 'Зея'),
(318, 168, 'Зима'),
(319, 168, 'Златоуст'),
(320, 168, 'Злынка'),
(321, 168, 'Змеиногорск'),
(322, 168, 'Знаменск'),
(323, 168, 'Зубцов'),
(324, 168, 'Зуевка'),
(325, 168, 'Ивангород'),
(326, 168, 'Иваново'),
(327, 168, 'Ивантеевка'),
(328, 168, 'Ивдель'),
(329, 168, 'Игарка'),
(330, 168, 'Ижевск'),
(331, 168, 'Избербаш'),
(332, 168, 'Изобильный'),
(333, 168, 'Иланский'),
(334, 168, 'Инза'),
(335, 168, 'Иннополис'),
(336, 168, 'Инсар'),
(337, 168, 'Инта'),
(338, 168, 'Ипатово'),
(339, 168, 'Ирбит'),
(340, 168, 'Иркутск'),
(341, 168, 'Исилькуль'),
(342, 168, 'Искитим'),
(343, 168, 'Истра'),
(344, 168, 'Ишим'),
(345, 168, 'Ишимбай'),
(346, 168, 'Йошкар-Ола'),
(347, 168, 'Кадников'),
(348, 168, 'Казань'),
(349, 168, 'Калач'),
(350, 168, 'Калач-на-Дону'),
(351, 168, 'Калачинск'),
(352, 168, 'Калининград'),
(353, 168, 'Калининск'),
(354, 168, 'Калтан'),
(355, 168, 'Калуга'),
(356, 168, 'Калязин'),
(357, 168, 'Камбарка'),
(358, 168, 'Каменка'),
(359, 168, 'Каменногорск'),
(360, 168, 'Каменск-Уральский'),
(361, 168, 'Каменск-Шахтинский'),
(362, 168, 'Камень-на-Оби'),
(363, 168, 'Камешково'),
(364, 168, 'Камызяк'),
(365, 168, 'Камышин'),
(366, 168, 'Камышлов'),
(367, 168, 'Канаш'),
(368, 168, 'Кандалакша'),
(369, 168, 'Канск'),
(370, 168, 'Карабаново'),
(371, 168, 'Карабаш'),
(372, 168, 'Карабулак'),
(373, 168, 'Карасук'),
(374, 168, 'Карачаевск'),
(375, 168, 'Карачев'),
(376, 168, 'Каргат'),
(377, 168, 'Каргополь'),
(378, 168, 'Карпинск'),
(379, 168, 'Карталы'),
(380, 168, 'Касимов'),
(381, 168, 'Касли'),
(382, 168, 'Каспийск'),
(383, 168, 'Катав-Ивановск'),
(384, 168, 'Катайск'),
(385, 168, 'Качканар'),
(386, 168, 'Кашин'),
(387, 168, 'Кашира'),
(388, 168, 'Кедровый'),
(389, 168, 'Кемерово'),
(390, 168, 'Кемь'),
(391, 168, 'Керчьне призн.'),
(392, 168, 'Кизел'),
(393, 168, 'Кизилюрт'),
(394, 168, 'Кизляр'),
(395, 168, 'Кимовск'),
(396, 168, 'Кимры'),
(397, 168, 'Кингисепп'),
(398, 168, 'Кинель'),
(399, 168, 'Кинешма'),
(400, 168, 'Киреевск'),
(401, 168, 'Киренск'),
(402, 168, 'Киржач'),
(403, 168, 'Кириллов'),
(404, 168, 'Кириши'),
(405, 168, 'Киров'),
(406, 168, 'Кировград'),
(407, 168, 'Кирово-Чепецк'),
(408, 168, 'Кировск'),
(409, 168, 'Кирс'),
(410, 168, 'Кирсанов'),
(411, 168, 'Киселёвск'),
(412, 168, 'Кисловодск'),
(413, 168, 'Клин'),
(414, 168, 'Клинцы'),
(415, 168, 'Княгинино'),
(416, 168, 'Ковдор'),
(417, 168, 'Ковров'),
(418, 168, 'Ковылкино'),
(419, 168, 'Когалым'),
(420, 168, 'Кодинск'),
(421, 168, 'Козельск'),
(422, 168, 'Козловка'),
(423, 168, 'Козьмодемьянск'),
(424, 168, 'Кола'),
(425, 168, 'Кологрив'),
(426, 168, 'Коломна'),
(427, 168, 'Колпашево'),
(428, 168, 'Кольчугино'),
(429, 168, 'Коммунар'),
(430, 168, 'Комсомольск'),
(431, 168, 'Комсомольск-на-Амуре'),
(432, 168, 'Конаково'),
(433, 168, 'Кондопога'),
(434, 168, 'Кондрово'),
(435, 168, 'Константиновск'),
(436, 168, 'Копейск'),
(437, 168, 'Кораблино'),
(438, 168, 'Кореновск'),
(439, 168, 'Коркино'),
(440, 168, 'Королёв'),
(441, 168, 'Короча'),
(442, 168, 'Корсаков'),
(443, 168, 'Коряжма'),
(444, 168, 'Костерёво'),
(445, 168, 'Костомукша'),
(446, 168, 'Кострома'),
(447, 168, 'Котельники'),
(448, 168, 'Котельниково'),
(449, 168, 'Котельнич'),
(450, 168, 'Котлас'),
(451, 168, 'Котово'),
(452, 168, 'Котовск'),
(453, 168, 'Кохма'),
(454, 168, 'Красавино'),
(455, 168, 'Красноармейск'),
(456, 168, 'Красновишерск'),
(457, 168, 'Красногорск'),
(458, 168, 'Краснодар'),
(459, 168, 'Краснозаводск'),
(460, 168, 'Краснознаменск'),
(461, 168, 'Краснокаменск'),
(462, 168, 'Краснокамск'),
(463, 168, 'Красноперекопскне призн.'),
(464, 168, 'Краснослободск'),
(465, 168, 'Краснотурьинск'),
(466, 168, 'Красноуральск'),
(467, 168, 'Красноуфимск'),
(468, 168, 'Красноярск'),
(469, 168, 'Красный Кут'),
(470, 168, 'Красный Сулин'),
(471, 168, 'Красный Холм'),
(472, 168, 'Кремёнки'),
(473, 168, 'Кропоткин'),
(474, 168, 'Крымск'),
(475, 168, 'Кстово'),
(476, 168, 'Кубинка'),
(477, 168, 'Кувандык'),
(478, 168, 'Кувшиново'),
(479, 168, 'Кудрово'),
(480, 168, 'Кудымкар'),
(481, 168, 'Кузнецк'),
(482, 168, 'Куйбышев'),
(483, 168, 'Кукмор'),
(484, 168, 'Кулебаки'),
(485, 168, 'Кумертау'),
(486, 168, 'Кунгур'),
(487, 168, 'Купино'),
(488, 168, 'Курган'),
(489, 168, 'Курганинск'),
(490, 168, 'Курильск'),
(491, 168, 'Курлово'),
(492, 168, 'Куровское'),
(493, 168, 'Курск'),
(494, 168, 'Куртамыш'),
(495, 168, 'Курчалой'),
(496, 168, 'Курчатов'),
(497, 168, 'Куса'),
(498, 168, 'Кушва'),
(499, 168, 'Кызыл'),
(500, 168, 'Кыштым'),
(501, 168, 'Кяхта'),
(502, 168, 'Лабинск'),
(503, 168, 'Лабытнанги'),
(504, 168, 'Лагань'),
(505, 168, 'Ладушкин'),
(506, 168, 'Лаишево'),
(507, 168, 'Лакинск'),
(508, 168, 'Лангепас'),
(509, 168, 'Лахденпохья'),
(510, 168, 'Лебедянь'),
(511, 168, 'Лениногорск'),
(512, 168, 'Ленинск'),
(513, 168, 'Ленинск-Кузнецкий'),
(514, 168, 'Ленск'),
(515, 168, 'Лермонтов'),
(516, 168, 'Лесной'),
(517, 168, 'Лесозаводск'),
(518, 168, 'Лесосибирск'),
(519, 168, 'Ливны'),
(520, 168, 'Ликино-Дулёво'),
(521, 168, 'Липецк'),
(522, 168, 'Липки'),
(523, 168, 'Лиски'),
(524, 168, 'Лихославль'),
(525, 168, 'Лобня'),
(526, 168, 'Лодейное Поле'),
(527, 168, 'Лосино-Петровский'),
(528, 168, 'Луга'),
(529, 168, 'Луза'),
(530, 168, 'Лукоянов'),
(531, 168, 'Луховицы'),
(532, 168, 'Лысково'),
(533, 168, 'Лысьва'),
(534, 168, 'Лыткарино'),
(535, 168, 'Льгов'),
(536, 168, 'Любань'),
(537, 168, 'Люберцы'),
(538, 168, 'Любим'),
(539, 168, 'Людиново'),
(540, 168, 'Лянтор'),
(541, 168, 'Магадан'),
(542, 168, 'Магас'),
(543, 168, 'Магнитогорск'),
(544, 168, 'Майкоп'),
(545, 168, 'Майский'),
(546, 168, 'Макаров'),
(547, 168, 'Макарьев'),
(548, 168, 'Макушино'),
(549, 168, 'Малая Вишера'),
(550, 168, 'Малгобек'),
(551, 168, 'Малмыж'),
(552, 168, 'Малоархангельск'),
(553, 168, 'Малоярославец'),
(554, 168, 'Мамадыш'),
(555, 168, 'Мамоново'),
(556, 168, 'Мантурово'),
(557, 168, 'Мариинск'),
(558, 168, 'Мариинский Посад'),
(559, 168, 'Маркс'),
(560, 168, 'Махачкала'),
(561, 168, 'Мглин'),
(562, 168, 'Мегион'),
(563, 168, 'Медвежьегорск'),
(564, 168, 'Медногорск'),
(565, 168, 'Медынь'),
(566, 168, 'Межгорье'),
(567, 168, 'Междуреченск'),
(568, 168, 'Мезень'),
(569, 168, 'Меленки'),
(570, 168, 'Мелеуз'),
(571, 168, 'Менделеевск'),
(572, 168, 'Мензелинск'),
(573, 168, 'Мещовск'),
(574, 168, 'Миасс'),
(575, 168, 'Микунь'),
(576, 168, 'Миллерово'),
(577, 168, 'Минеральные Воды'),
(578, 168, 'Минусинск'),
(579, 168, 'Миньяр'),
(580, 168, 'Мирный'),
(581, 168, 'Михайлов'),
(582, 168, 'Михайловка'),
(583, 168, 'Михайловск'),
(584, 168, 'Мичуринск'),
(585, 168, 'Могоча'),
(586, 168, 'Можайск'),
(587, 168, 'Можга'),
(588, 168, 'Моздок'),
(589, 168, 'Мончегорск'),
(590, 168, 'Морозовск'),
(591, 168, 'Моршанск'),
(592, 168, 'Мосальск'),
(593, 168, 'Москва'),
(594, 168, 'Муравленко'),
(595, 168, 'Мураши'),
(596, 168, 'Мурино'),
(597, 168, 'Мурманск'),
(598, 168, 'Муром'),
(599, 168, 'Мценск'),
(600, 168, 'Мыски'),
(601, 168, 'Мытищи'),
(602, 168, 'Мышкин'),
(603, 168, 'Набережные Челны'),
(604, 168, 'Навашино'),
(605, 168, 'Наволоки'),
(606, 168, 'Надым'),
(607, 168, 'Назарово'),
(608, 168, 'Назрань'),
(609, 168, 'Называевск'),
(610, 168, 'Нальчик'),
(611, 168, 'Нариманов'),
(612, 168, 'Наро-Фоминск'),
(613, 168, 'Нарткала'),
(614, 168, 'Нарьян-Мар'),
(615, 168, 'Находка'),
(616, 168, 'Невель'),
(617, 168, 'Невельск'),
(618, 168, 'Невинномысск'),
(619, 168, 'Невьянск'),
(620, 168, 'Нелидово'),
(621, 168, 'Неман'),
(622, 168, 'Нерехта'),
(623, 168, 'Нерчинск'),
(624, 168, 'Нерюнгри'),
(625, 168, 'Нестеров'),
(626, 168, 'Нефтегорск'),
(627, 168, 'Нефтекамск'),
(628, 168, 'Нефтекумск'),
(629, 168, 'Нефтеюганск'),
(630, 168, 'Нея'),
(631, 168, 'Нижневартовск'),
(632, 168, 'Нижнекамск'),
(633, 168, 'Нижнеудинск'),
(634, 168, 'Нижние Серги'),
(635, 168, 'Нижний Ломов'),
(636, 168, 'Нижний Новгород'),
(637, 168, 'Нижний Тагил'),
(638, 168, 'Нижняя Салда'),
(639, 168, 'Нижняя Тура'),
(640, 168, 'Николаевск'),
(641, 168, 'Николаевск-на-Амуре'),
(642, 168, 'Никольск'),
(643, 168, 'Никольское'),
(644, 168, 'Новая Ладога'),
(645, 168, 'Новая Ляля'),
(646, 168, 'Новоалександровск'),
(647, 168, 'Новоалтайск'),
(648, 168, 'Новоаннинский'),
(649, 168, 'Нововоронеж'),
(650, 168, 'Новодвинск'),
(651, 168, 'Новозыбков'),
(652, 168, 'Новокубанск'),
(653, 168, 'Новокузнецк'),
(654, 168, 'Новокуйбышевск'),
(655, 168, 'Новомичуринск'),
(656, 168, 'Новомосковск'),
(657, 168, 'Новопавловск'),
(658, 168, 'Новоржев'),
(659, 168, 'Новороссийск'),
(660, 168, 'Новосибирск'),
(661, 168, 'Новосиль'),
(662, 168, 'Новосокольники'),
(663, 168, 'Новотроицк'),
(664, 168, 'Новоузенск'),
(665, 168, 'Новоульяновск'),
(666, 168, 'Новоуральск'),
(667, 168, 'Новохопёрск'),
(668, 168, 'Новочебоксарск'),
(669, 168, 'Новочеркасск'),
(670, 168, 'Новошахтинск'),
(671, 168, 'Новый Оскол'),
(672, 168, 'Новый Уренгой'),
(673, 168, 'Ногинск'),
(674, 168, 'Нолинск'),
(675, 168, 'Норильск'),
(676, 168, 'Ноябрьск'),
(677, 168, 'Нурлат'),
(678, 168, 'Нытва'),
(679, 168, 'Нюрба'),
(680, 168, 'Нягань'),
(681, 168, 'Нязепетровск'),
(682, 168, 'Няндома'),
(683, 168, 'Облучье'),
(684, 168, 'Обнинск'),
(685, 168, 'Обоянь'),
(686, 168, 'Обь'),
(687, 168, 'Одинцово'),
(688, 168, 'Озёрск'),
(689, 168, 'Озёры'),
(690, 168, 'Октябрьск'),
(691, 168, 'Октябрьский'),
(692, 168, 'Окуловка'),
(693, 168, 'Олёкминск'),
(694, 168, 'Оленегорск'),
(695, 168, 'Олонец'),
(696, 168, 'Омск'),
(697, 168, 'Омутнинск'),
(698, 168, 'Онега'),
(699, 168, 'Опочка'),
(700, 168, 'Орёл'),
(701, 168, 'Оренбург'),
(702, 168, 'Орехово-Зуево'),
(703, 168, 'Орлов'),
(704, 168, 'Орск'),
(705, 168, 'Оса'),
(706, 168, 'Осинники'),
(707, 168, 'Осташков'),
(708, 168, 'Остров'),
(709, 168, 'Островной'),
(710, 168, 'Острогожск'),
(711, 168, 'Отрадное'),
(712, 168, 'Отрадный'),
(713, 168, 'Оха'),
(714, 168, 'Оханск'),
(715, 168, 'Очёр'),
(716, 168, 'Павлово'),
(717, 168, 'Павловск'),
(718, 168, 'Павловский Посад'),
(719, 168, 'Палласовка'),
(720, 168, 'Партизанск'),
(721, 168, 'Певек'),
(722, 168, 'Пенза'),
(723, 168, 'Первомайск'),
(724, 168, 'Первоуральск'),
(725, 168, 'Перевоз'),
(726, 168, 'Пересвет'),
(727, 168, 'Переславль-Залесский'),
(728, 168, 'Пермь'),
(729, 168, 'Пестово'),
(730, 168, 'Петров Вал'),
(731, 168, 'Петровск'),
(732, 168, 'Петровск-Забайкальский'),
(733, 168, 'Петрозаводск'),
(734, 168, 'Петропавловск-Камчатский'),
(735, 168, 'Петухово'),
(736, 168, 'Петушки'),
(737, 168, 'Печора'),
(738, 168, 'Печоры'),
(739, 168, 'Пикалёво'),
(740, 168, 'Пионерский'),
(741, 168, 'Питкяранта'),
(742, 168, 'Плавск'),
(743, 168, 'Пласт'),
(744, 168, 'Плёс'),
(745, 168, 'Поворино'),
(746, 168, 'Подольск'),
(747, 168, 'Подпорожье'),
(748, 168, 'Покачи'),
(749, 168, 'Покров'),
(750, 168, 'Покровск'),
(751, 168, 'Полевской'),
(752, 168, 'Полесск'),
(753, 168, 'Полысаево'),
(754, 168, 'Полярные Зори'),
(755, 168, 'Полярный'),
(756, 168, 'Поронайск'),
(757, 168, 'Порхов'),
(758, 168, 'Похвистнево'),
(759, 168, 'Почеп'),
(760, 168, 'Починок'),
(761, 168, 'Пошехонье'),
(762, 168, 'Правдинск'),
(763, 168, 'Приволжск'),
(764, 168, 'Приморск'),
(765, 168, 'Приморско-Ахтарск'),
(766, 168, 'Приозерск'),
(767, 168, 'Прокопьевск'),
(768, 168, 'Пролетарск'),
(769, 168, 'Протвино'),
(770, 168, 'Прохладный'),
(771, 168, 'Псков'),
(772, 168, 'Пугачёв'),
(773, 168, 'Пудож'),
(774, 168, 'Пустошка'),
(775, 168, 'Пучеж'),
(776, 168, 'Пушкино'),
(777, 168, 'Пущино'),
(778, 168, 'Пыталово'),
(779, 168, 'Пыть-Ях'),
(780, 168, 'Пятигорск'),
(781, 168, 'Радужный'),
(782, 168, 'Райчихинск'),
(783, 168, 'Раменское'),
(784, 168, 'Рассказово'),
(785, 168, 'Ревда'),
(786, 168, 'Реж'),
(787, 168, 'Реутов'),
(788, 168, 'Ржев'),
(789, 168, 'Родники'),
(790, 168, 'Рославль'),
(791, 168, 'Россошь'),
(792, 168, 'Ростов-на-Дону'),
(793, 168, 'Ростов'),
(794, 168, 'Рошаль'),
(795, 168, 'Ртищево'),
(796, 168, 'Рубцовск'),
(797, 168, 'Рудня'),
(798, 168, 'Руза'),
(799, 168, 'Рузаевка'),
(800, 168, 'Рыбинск'),
(801, 168, 'Рыбное'),
(802, 168, 'Рыльск'),
(803, 168, 'Ряжск'),
(804, 168, 'Рязань'),
(805, 168, 'Сакине призн.'),
(806, 168, 'Салават'),
(807, 168, 'Салаир'),
(808, 168, 'Салехард'),
(809, 168, 'Сальск'),
(810, 168, 'Самара'),
(811, 168, 'Санкт-Петербург'),
(812, 168, 'Саранск'),
(813, 168, 'Сарапул'),
(814, 168, 'Саратов'),
(815, 168, 'Саров'),
(816, 168, 'Сасово'),
(817, 168, 'Сатка'),
(818, 168, 'Сафоново'),
(819, 168, 'Саяногорск'),
(820, 168, 'Саянск'),
(821, 168, 'Светлогорск'),
(822, 168, 'Светлоград'),
(823, 168, 'Светлый'),
(824, 168, 'Светогорск'),
(825, 168, 'Свирск'),
(826, 168, 'Свободный'),
(827, 168, 'Себеж'),
(828, 168, 'Севастопольне призн.'),
(829, 168, 'Северо-Курильск'),
(830, 168, 'Северобайкальск'),
(831, 168, 'Северодвинск'),
(832, 168, 'Североморск'),
(833, 168, 'Североуральск'),
(834, 168, 'Северск'),
(835, 168, 'Севск'),
(836, 168, 'Сегежа'),
(837, 168, 'Сельцо'),
(838, 168, 'Семёнов'),
(839, 168, 'Семикаракорск'),
(840, 168, 'Семилуки'),
(841, 168, 'Сенгилей'),
(842, 168, 'Серафимович'),
(843, 168, 'Сергач'),
(844, 168, 'Сергиев Посад'),
(845, 168, 'Сердобск'),
(846, 168, 'Серов'),
(847, 168, 'Серпухов'),
(848, 168, 'Сертолово'),
(849, 168, 'Сибай'),
(850, 168, 'Сим'),
(851, 168, 'Симферопольне призн.'),
(852, 168, 'Сковородино'),
(853, 168, 'Скопин'),
(854, 168, 'Славгород'),
(855, 168, 'Славск'),
(856, 168, 'Славянск-на-Кубани'),
(857, 168, 'Сланцы'),
(858, 168, 'Слободской'),
(859, 168, 'Слюдянка'),
(860, 168, 'Смоленск'),
(861, 168, 'Снежинск'),
(862, 168, 'Снежногорск'),
(863, 168, 'Собинка'),
(864, 168, 'Советск'),
(865, 168, 'Советская Гавань'),
(866, 168, 'Советский'),
(867, 168, 'Сокол'),
(868, 168, 'Солигалич'),
(869, 168, 'Соликамск'),
(870, 168, 'Солнечногорск'),
(871, 168, 'Соль-Илецк'),
(872, 168, 'Сольвычегодск'),
(873, 168, 'Сольцы'),
(874, 168, 'Сорочинск'),
(875, 168, 'Сорск'),
(876, 168, 'Сортавала'),
(877, 168, 'Сосенский'),
(878, 168, 'Сосновка'),
(879, 168, 'Сосновоборск'),
(880, 168, 'Сосновый Бор'),
(881, 168, 'Сосногорск'),
(882, 168, 'Сочи'),
(883, 168, 'Спас-Деменск'),
(884, 168, 'Спас-Клепики'),
(885, 168, 'Спасск'),
(886, 168, 'Спасск-Дальний'),
(887, 168, 'Спасск-Рязанский'),
(888, 168, 'Среднеколымск'),
(889, 168, 'Среднеуральск'),
(890, 168, 'Сретенск'),
(891, 168, 'Ставрополь'),
(892, 168, 'Старая Купавна'),
(893, 168, 'Старая Русса'),
(894, 168, 'Старица'),
(895, 168, 'Стародуб'),
(896, 168, 'Старый Крымне призн.'),
(897, 168, 'Старый Оскол'),
(898, 168, 'Стерлитамак'),
(899, 168, 'Стрежевой'),
(900, 168, 'Строитель'),
(901, 168, 'Струнино'),
(902, 168, 'Ступино'),
(903, 168, 'Суворов'),
(904, 168, 'Судакне призн.'),
(905, 168, 'Суджа'),
(906, 168, 'Судогда'),
(907, 168, 'Суздаль'),
(908, 168, 'Сунжа'),
(909, 168, 'Суоярви'),
(910, 168, 'Сураж'),
(911, 168, 'Сургут'),
(912, 168, 'Суровикино'),
(913, 168, 'Сурск'),
(914, 168, 'Сусуман'),
(915, 168, 'Сухиничи'),
(916, 168, 'Сухой Лог'),
(917, 168, 'Сызрань'),
(918, 168, 'Сыктывкар'),
(919, 168, 'Сысерть'),
(920, 168, 'Сычёвка'),
(921, 168, 'Сясьстрой'),
(922, 168, 'Тавда'),
(923, 168, 'Таганрог'),
(924, 168, 'Тайга'),
(925, 168, 'Тайшет'),
(926, 168, 'Талдом'),
(927, 168, 'Талица'),
(928, 168, 'Тамбов'),
(929, 168, 'Тара'),
(930, 168, 'Тарко-Сале'),
(931, 168, 'Таруса'),
(932, 168, 'Татарск'),
(933, 168, 'Таштагол'),
(934, 168, 'Тверь'),
(935, 168, 'Теберда'),
(936, 168, 'Тейково'),
(937, 168, 'Темников'),
(938, 168, 'Темрюк'),
(939, 168, 'Терек'),
(940, 168, 'Тетюши'),
(941, 168, 'Тимашёвск'),
(942, 168, 'Тихвин'),
(943, 168, 'Тихорецк'),
(944, 168, 'Тобольск'),
(945, 168, 'Тогучин'),
(946, 168, 'Тольятти'),
(947, 168, 'Томари'),
(948, 168, 'Томмот'),
(949, 168, 'Томск'),
(950, 168, 'Топки'),
(951, 168, 'Торжок'),
(952, 168, 'Торопец'),
(953, 168, 'Тосно'),
(954, 168, 'Тотьма'),
(955, 168, 'Трёхгорный'),
(956, 168, 'Троицк'),
(957, 168, 'Трубчевск'),
(958, 168, 'Туапсе'),
(959, 168, 'Туймазы'),
(960, 168, 'Тула'),
(961, 168, 'Тулун'),
(962, 168, 'Туран'),
(963, 168, 'Туринск'),
(964, 168, 'Тутаев'),
(965, 168, 'Тында'),
(966, 168, 'Тырныауз'),
(967, 168, 'Тюкалинск'),
(968, 168, 'Тюмень'),
(969, 168, 'Уварово'),
(970, 168, 'Углегорск'),
(971, 168, 'Углич'),
(972, 168, 'Удачный'),
(973, 168, 'Удомля'),
(974, 168, 'Ужур'),
(975, 168, 'Узловая'),
(976, 168, 'Улан-Удэ'),
(977, 168, 'Ульяновск'),
(978, 168, 'Унеча'),
(979, 168, 'Урай'),
(980, 168, 'Урень'),
(981, 168, 'Уржум'),
(982, 168, 'Урус-Мартан'),
(983, 168, 'Урюпинск'),
(984, 168, 'Усинск'),
(985, 168, 'Усмань'),
(986, 168, 'Усолье-Сибирское'),
(987, 168, 'Усолье'),
(988, 168, 'Уссурийск'),
(989, 168, 'Усть-Джегута'),
(990, 168, 'Усть-Илимск'),
(991, 168, 'Усть-Катав'),
(992, 168, 'Усть-Кут'),
(993, 168, 'Усть-Лабинск'),
(994, 168, 'Устюжна'),
(995, 168, 'Уфа'),
(996, 168, 'Ухта'),
(997, 168, 'Учалы'),
(998, 168, 'Уяр'),
(999, 168, 'Фатеж'),
(1000, 168, 'Феодосияне призн.'),
(1001, 168, 'Фокино'),
(1002, 168, 'Фролово'),
(1003, 168, 'Фрязино'),
(1004, 168, 'Фурманов'),
(1005, 168, 'Хабаровск'),
(1006, 168, 'Хадыженск'),
(1007, 168, 'Ханты-Мансийск'),
(1008, 168, 'Харабали'),
(1009, 168, 'Харовск'),
(1010, 168, 'Хасавюрт'),
(1011, 168, 'Хвалынск'),
(1012, 168, 'Хилок'),
(1013, 168, 'Химки'),
(1014, 168, 'Холм'),
(1015, 168, 'Холмск'),
(1016, 168, 'Хотьково'),
(1017, 168, 'Цивильск'),
(1018, 168, 'Цимлянск'),
(1019, 168, 'Циолковский'),
(1020, 168, 'Чадан'),
(1021, 168, 'Чайковский'),
(1022, 168, 'Чапаевск'),
(1023, 168, 'Чаплыгин'),
(1024, 168, 'Чебаркуль'),
(1025, 168, 'Чебоксары'),
(1026, 168, 'Чегем'),
(1027, 168, 'Чекалин'),
(1028, 168, 'Челябинск'),
(1029, 168, 'Чердынь'),
(1030, 168, 'Черемхово'),
(1031, 168, 'Черепаново'),
(1032, 168, 'Череповец'),
(1033, 168, 'Черкесск'),
(1034, 168, 'Чёрмоз'),
(1035, 168, 'Черноголовка'),
(1036, 168, 'Черногорск'),
(1037, 168, 'Чернушка'),
(1038, 168, 'Черняховск'),
(1039, 168, 'Чехов'),
(1040, 168, 'Чистополь'),
(1041, 168, 'Чита'),
(1042, 168, 'Чкаловск'),
(1043, 168, 'Чудово'),
(1044, 168, 'Чулым'),
(1045, 168, 'Чусовой'),
(1046, 168, 'Чухлома'),
(1047, 168, 'Шагонар'),
(1048, 168, 'Шадринск'),
(1049, 168, 'Шали'),
(1050, 168, 'Шарыпово'),
(1051, 168, 'Шарья'),
(1052, 168, 'Шатура'),
(1053, 168, 'Шахты'),
(1054, 168, 'Шахунья'),
(1055, 168, 'Шацк'),
(1056, 168, 'Шебекино'),
(1057, 168, 'Шелехов'),
(1058, 168, 'Шенкурск'),
(1059, 168, 'Шилка'),
(1060, 168, 'Шимановск'),
(1061, 168, 'Шиханы'),
(1062, 168, 'Шлиссельбург'),
(1063, 168, 'Шумерля'),
(1064, 168, 'Шумиха'),
(1065, 168, 'Шуя'),
(1066, 168, 'Щёкино'),
(1067, 168, 'Щёлкиноне призн.'),
(1068, 168, 'Щёлково'),
(1069, 168, 'Щигры'),
(1070, 168, 'Щучье'),
(1071, 168, 'Электрогорск'),
(1072, 168, 'Электросталь'),
(1073, 168, 'Электроугли'),
(1074, 168, 'Элиста'),
(1075, 168, 'Энгельс'),
(1076, 168, 'Эртиль'),
(1077, 168, 'Югорск'),
(1078, 168, 'Южа'),
(1079, 168, 'Южно-Сахалинск'),
(1080, 168, 'Южно-Сухокумск'),
(1081, 168, 'Южноуральск'),
(1082, 168, 'Юрга'),
(1083, 168, 'Юрьев-Польский'),
(1084, 168, 'Юрьевец'),
(1085, 168, 'Юрюзань'),
(1086, 168, 'Юхнов'),
(1087, 168, 'Ядрин'),
(1088, 168, 'Якутск'),
(1089, 168, 'Ялтане призн.'),
(1090, 168, 'Ялуторовск'),
(1091, 168, 'Янаул'),
(1092, 168, 'Яранск'),
(1093, 168, 'Яровое'),
(1094, 168, 'Ярославль'),
(1095, 168, 'Ярцево'),
(1096, 168, 'Ясногорск'),
(1097, 168, 'Ясный'),
(1098, 168, 'Яхрома');

-- --------------------------------------------------------

--
-- Структура таблицы `country`
--

CREATE TABLE `country` (
  `id` int(11) NOT NULL,
  `name_ru` varchar(128) NOT NULL,
  `name_en` varchar(128) DEFAULT NULL,
  `iso_alpha2` char(2) DEFAULT NULL,
  `iso_num` smallint(6) DEFAULT NULL
) ENGINE=InnoDB DEFAULT CHARSET=utf8mb4;

--
-- Дамп данных таблицы `country`
--

INSERT INTO `country` (`id`, `name_ru`, `name_en`, `iso_alpha2`, `iso_num`) VALUES
(1, 'Абхазия', 'Abkhazia', 'AB', 895),
(2, 'Австралия', 'Australia', 'AU', 36),
(3, 'Австрия', 'Austria', 'AT', 40),
(4, 'Азербайджан', 'Azerbaijan', 'AZ', 31),
(5, 'Албания', 'Albania', 'AL', 8),
(6, 'Алжир', 'Algeria', 'DZ', 12),
(7, 'Американское Самоа', 'American Samoa', 'AS', 16),
(8, 'Ангилья', 'Anguilla', 'AI', 660),
(9, 'Ангола', 'Angola', 'AO', 24),
(10, 'Андорра', 'Andorra', 'AD', 20),
(11, 'Антарктида', 'Antarctica', 'AQ', 10),
(12, 'Антигуа и Барбуда', 'Antigua and Barbuda', 'AG', 28),
(13, 'Аргентина', 'Argentina', 'AR', 32),
(14, 'Армения', 'Armenia', 'AM', 51),
(15, 'Аруба', 'Aruba', 'AW', 533),
(16, 'Афганистан', 'Afghanistan', 'AF', 4),
(17, 'Багамы', 'Bahamas', 'BS', 44),
(18, 'Бангладеш', 'Bangladesh', 'BD', 50),
(19, 'Барбадос', 'Barbados', 'BB', 52),
(20, 'Бахрейн', 'Bahrain', 'BH', 48),
(21, 'Беларусь', 'Belarus', 'BY', 112),
(22, 'Белиз', 'Belize', 'BZ', 84),
(23, 'Бельгия', 'Belgium', 'BE', 56),
(24, 'Бенин', 'Benin', 'BJ', 204),
(25, 'Бермуды', 'Bermuda', 'BM', 60),
(26, 'Болгария', 'Bulgaria', 'BG', 100),
(27, 'Боливия, Многонациональное Государство', 'Bolivia, plurinational state of', 'BO', 68),
(28, 'Бонайре, Саба и Синт-Эстатиус', 'Bonaire, Sint Eustatius and Saba', 'BQ', 535),
(29, 'Босния и Герцеговина', 'Bosnia and Herzegovina', 'BA', 70),
(30, 'Ботсвана', 'Botswana', 'BW', 72),
(31, 'Бразилия', 'Brazil', 'BR', 76),
(32, 'Британская территория в Индийском океане', 'British Indian Ocean Territory', 'IO', 86),
(33, 'Бруней-Даруссалам', 'Brunei Darussalam', 'BN', 96),
(34, 'Буркина-Фасо', 'Burkina Faso', 'BF', 854),
(35, 'Бурунди', 'Burundi', 'BI', 108),
(36, 'Бутан', 'Bhutan', 'BT', 64),
(37, 'Вануату', 'Vanuatu', 'VU', 548),
(38, 'Венгрия', 'Hungary', 'HU', 348),
(39, 'Венесуэла Боливарианская Республика', 'Venezuela', 'VE', 862),
(40, 'Виргинские острова, Британские', 'Virgin Islands, British', 'VG', 92),
(41, 'Виргинские острова, США', 'Virgin Islands, U.S.', 'VI', 850),
(42, 'Вьетнам', 'Vietnam', 'VN', 704),
(43, 'Габон', 'Gabon', 'GA', 266),
(44, 'Гаити', 'Haiti', 'HT', 332),
(45, 'Гайана', 'Guyana', 'GY', 328),
(46, 'Гамбия', 'Gambia', 'GM', 270),
(47, 'Гана', 'Ghana', 'GH', 288),
(48, 'Гваделупа', 'Guadeloupe', 'GP', 312),
(49, 'Гватемала', 'Guatemala', 'GT', 320),
(50, 'Гвинея', 'Guinea', 'GN', 324),
(51, 'Гвинея-Бисау', 'Guinea-Bissau', 'GW', 624),
(52, 'Германия', 'Germany', 'DE', 276),
(53, 'Гернси', 'Guernsey', 'GG', 831),
(54, 'Гибралтар', 'Gibraltar', 'GI', 292),
(55, 'Гондурас', 'Honduras', 'HN', 340),
(56, 'Гонконг', 'Hong Kong', 'HK', 344),
(57, 'Гренада', 'Grenada', 'GD', 308),
(58, 'Гренландия', 'Greenland', 'GL', 304),
(59, 'Греция', 'Greece', 'GR', 300),
(60, 'Грузия', 'Georgia', 'GE', 268),
(61, 'Гуам', 'Guam', 'GU', 316),
(62, 'Дания', 'Denmark', 'DK', 208),
(63, 'Джерси', 'Jersey', 'JE', 832),
(64, 'Джибути', 'Djibouti', 'DJ', 262),
(65, 'Доминика', 'Dominica', 'DM', 212),
(66, 'Доминиканская Республика', 'Dominican Republic', 'DO', 214),
(67, 'Египет', 'Egypt', 'EG', 818),
(68, 'Замбия', 'Zambia', 'ZM', 894),
(69, 'Западная Сахара', 'Western Sahara', 'EH', 732),
(70, 'Зимбабве', 'Zimbabwe', 'ZW', 716),
(71, 'Израиль', 'Israel', 'IL', 376),
(72, 'Индия', 'India', 'IN', 356),
(73, 'Индонезия', 'Indonesia', 'ID', 360),
(74, 'Иордания', 'Jordan', 'JO', 400),
(75, 'Ирак', 'Iraq', 'IQ', 368),
(76, 'Иран, Исламская Республика', 'Iran, Islamic Republic of', 'IR', 364),
(77, 'Ирландия', 'Ireland', 'IE', 372),
(78, 'Исландия', 'Iceland', 'IS', 352),
(79, 'Испания', 'Spain', 'ES', 724),
(80, 'Италия', 'Italy', 'IT', 380),
(81, 'Йемен', 'Yemen', 'YE', 887),
(82, 'Кабо-Верде', 'Cape Verde', 'CV', 132),
(83, 'Казахстан', 'Kazakhstan', 'KZ', 398),
(84, 'Камбоджа', 'Cambodia', 'KH', 116),
(85, 'Камерун', 'Cameroon', 'CM', 120),
(86, 'Канада', 'Canada', 'CA', 124),
(87, 'Катар', 'Qatar', 'QA', 634),
(88, 'Кения', 'Kenya', 'KE', 404),
(89, 'Кипр', 'Cyprus', 'CY', 196),
(90, 'Киргизия', 'Kyrgyzstan', 'KG', 417),
(91, 'Кирибати', 'Kiribati', 'KI', 296),
(92, 'Китай', 'China', 'CN', 156),
(93, 'Кокосовые (Килинг) острова', 'Cocos (Keeling) Islands', 'CC', 166),
(94, 'Колумбия', 'Colombia', 'CO', 170),
(95, 'Коморы', 'Comoros', 'KM', 174),
(96, 'Конго', 'Congo', 'CG', 178),
(97, 'Конго, Демократическая Республика', 'Congo, Democratic Republic of the', 'CD', 180),
(98, 'Корея, Республика', 'Korea, Republic of', 'KR', 410),
(99, 'Коста-Рика', 'Costa Rica', 'CR', 188),
(100, 'Куба', 'Cuba', 'CU', 192),
(101, 'Кувейт', 'Kuwait', 'KW', 414),
(102, 'Кюрасао', 'Curaçao', 'CW', 531),
(103, 'Латвия', 'Latvia', 'LV', 428),
(104, 'Лесото', 'Lesotho', 'LS', 426),
(105, 'Ливан', 'Lebanon', 'LB', 422),
(106, 'Ливийская Арабская Джамахирия', 'Libyan Arab Jamahiriya', 'LY', 434),
(107, 'Либерия', 'Liberia', 'LR', 430),
(108, 'Лихтенштейн', 'Liechtenstein', 'LI', 438),
(109, 'Литва', 'Lithuania', 'LT', 440),
(110, 'Люксембург', 'Luxembourg', 'LU', 442),
(111, 'Маврикий', 'Mauritius', 'MU', 480),
(112, 'Мавритания', 'Mauritania', 'MR', 478),
(113, 'Мадагаскар', 'Madagascar', 'MG', 450),
(114, 'Майотта', 'Mayotte', 'YT', 175),
(115, 'Макао', 'Macao', 'MO', 446),
(116, 'Малави', 'Malawi', 'MW', 454),
(117, 'Малайзия', 'Malaysia', 'MY', 458),
(118, 'Мали', 'Mali', 'ML', 466),
(119, 'Малые Тихоокеанские отдаленные острова Соединенных Штатов', 'United States Minor Outlying Islands', 'UM', 581),
(120, 'Мальдивы', 'Maldives', 'MV', 462),
(121, 'Мальта', 'Malta', 'MT', 470),
(122, 'Марокко', 'Morocco', 'MA', 504),
(123, 'Мартиника', 'Martinique', 'MQ', 474),
(124, 'Маршалловы острова', 'Marshall Islands', 'MH', 584),
(125, 'Мексика', 'Mexico', 'MX', 484),
(126, 'Микронезия, Федеративные Штаты', 'Micronesia, Federated States of', 'FM', 583),
(127, 'Мозамбик', 'Mozambique', 'MZ', 508),
(128, 'Молдова, Республика', 'Moldova', 'MD', 498),
(129, 'Монако', 'Monaco', 'MC', 492),
(130, 'Монголия', 'Mongolia', 'MN', 496),
(131, 'Монтсеррат', 'Montserrat', 'MS', 500),
(132, 'Мьянма', 'Myanmar', 'MM', 104),
(133, 'Намибия', 'Namibia', 'NA', 516),
(134, 'Науру', 'Nauru', 'NR', 520),
(135, 'Непал', 'Nepal', 'NP', 524),
(136, 'Нигер', 'Niger', 'NE', 562),
(137, 'Нигерия', 'Nigeria', 'NG', 566),
(138, 'Нидерланды', 'Netherlands', 'NL', 528),
(139, 'Никарагуа', 'Nicaragua', 'NI', 558),
(140, 'Ниуэ', 'Niue', 'NU', 570),
(141, 'Новая Зеландия', 'New Zealand', 'NZ', 554),
(142, 'Новая Каледония', 'New Caledonia', 'NC', 540),
(143, 'Норвегия', 'Norway', 'NO', 578),
(144, 'Объединенные Арабские Эмираты', 'United Arab Emirates', 'AE', 784),
(145, 'Оман', 'Oman', 'OM', 512),
(146, 'Остров Буве', 'Bouvet Island', 'BV', 74),
(147, 'Остров Мэн', 'Isle of Man', 'IM', 833),
(148, 'Остров Норфолк', 'Norfolk Island', 'NF', 574),
(149, 'Остров Рождества', 'Christmas Island', 'CX', 162),
(150, 'Остров Херд и острова Макдональд', 'Heard Island and McDonald Islands', 'HM', 334),
(151, 'Острова Кайман', 'Cayman Islands', 'KY', 136),
(152, 'Острова Кука', 'Cook Islands', 'CK', 184),
(153, 'Острова Теркс и Кайкос', 'Turks and Caicos Islands', 'TC', 796),
(154, 'Пакистан', 'Pakistan', 'PK', 586),
(155, 'Палау', 'Palau', 'PW', 585),
(156, 'Палестинская территория, оккупированная', 'Palestinian Territory, Occupied', 'PS', 275),
(157, 'Панама', 'Panama', 'PA', 591),
(158, 'Папский Престол (Государство — город Ватикан)', 'Holy See (Vatican City State)', 'VA', 336),
(159, 'Папуа-Новая Гвинея', 'Papua New Guinea', 'PG', 598),
(160, 'Парагвай', 'Paraguay', 'PY', 600),
(161, 'Перу', 'Peru', 'PE', 604),
(162, 'Питкерн', 'Pitcairn', 'PN', 612),
(163, 'Польша', 'Poland', 'PL', 616),
(164, 'Португалия', 'Portugal', 'PT', 620),
(165, 'Пуэрто-Рико', 'Puerto Rico', 'PR', 630),
(166, 'Республика Македония', 'Macedonia, The Former Yugoslav Republic Of', 'MK', 807),
(167, 'Реюньон', 'Reunion', 'RE', 638),
(168, 'Россия', 'Russian Federation', 'RU', 643),
(169, 'Руанда', 'Rwanda', 'RW', 646),
(170, 'Румыния', 'Romania', 'RO', 642),
(171, 'Самоа', 'Samoa', 'WS', 882),
(172, 'Сан-Марино', 'San Marino', 'SM', 674),
(173, 'Сан-Томе и Принсипи', 'Sao Tome and Principe', 'ST', 678),
(174, 'Саудовская Аравия', 'Saudi Arabia', 'SA', 682),
(175, 'Свазиленд', 'Swaziland', 'SZ', 748),
(176, 'Святая Елена, Остров вознесения, Тристан-да-Кунья', 'Saint Helena, Ascension And Tristan Da Cunha', 'SH', 654),
(177, 'Северные Марианские острова', 'Northern Mariana Islands', 'MP', 580),
(178, 'Сен-Бартельми', 'Saint Barthélemy', 'BL', 652),
(179, 'Сен-Мартен', 'Saint Martin (French Part)', 'MF', 663),
(180, 'Сенегал', 'Senegal', 'SN', 686),
(181, 'Сент-Винсент и Гренадины', 'Saint Vincent and the Grenadines', 'VC', 670),
(182, 'Сент-Люсия', 'Saint Lucia', 'LC', 662),
(183, 'Сент-Китс и Невис', 'Saint Kitts and Nevis', 'KN', 659),
(184, 'Сент-Пьер и Микелон', 'Saint Pierre and Miquelon', 'PM', 666),
(185, 'Сербия', 'Serbia', 'RS', 688),
(186, 'Сейшелы', 'Seychelles', 'SC', 690),
(187, 'Сингапур', 'Singapore', 'SG', 702),
(188, 'Синт-Мартен', 'Sint Maarten', 'SX', 534),
(189, 'Сирийская Арабская Республика', 'Syrian Arab Republic', 'SY', 760),
(190, 'Словакия', 'Slovakia', 'SK', 703),
(191, 'Словения', 'Slovenia', 'SI', 705),
(192, 'Соединенное Королевство', 'United Kingdom', 'GB', 826),
(193, 'Соединенные Штаты', 'United States', 'US', 840),
(194, 'Соломоновы острова', 'Solomon Islands', 'SB', 90),
(195, 'Сомали', 'Somalia', 'SO', 706),
(196, 'Судан', 'Sudan', 'SD', 729),
(197, 'Суринам', 'Suriname', 'SR', 740),
(198, 'Сьерра-Леоне', 'Sierra Leone', 'SL', 694),
(199, 'Таджикистан', 'Tajikistan', 'TJ', 762),
(200, 'Таиланд', 'Thailand', 'TH', 764),
(201, 'Тайвань (Китай)', 'Taiwan, Province of China', 'TW', 158),
(202, 'Танзания, Объединенная Республика', 'Tanzania, United Republic Of', 'TZ', 834),
(203, 'Тимор-Лесте', 'Timor-Leste', 'TL', 626),
(204, 'Того', 'Togo', 'TG', 768),
(205, 'Токелау', 'Tokelau', 'TK', 772),
(206, 'Тонга', 'Tonga', 'TO', 776),
(207, 'Тринидад и Тобаго', 'Trinidad and Tobago', 'TT', 780),
(208, 'Тувалу', 'Tuvalu', 'TV', 798),
(209, 'Тунис', 'Tunisia', 'TN', 788),
(210, 'Туркмения', 'Turkmenistan', 'TM', 795),
(211, 'Турция', 'Turkey', 'TR', 792),
(212, 'Уганда', 'Uganda', 'UG', 800),
(213, 'Узбекистан', 'Uzbekistan', 'UZ', 860),
(214, 'Украина', 'Ukraine', 'UA', 804),
(215, 'Уоллис и Футуна', 'Wallis and Futuna', 'WF', 876),
(216, 'Уругвай', 'Uruguay', 'UY', 858),
(217, 'Фарерские острова', 'Faroe Islands', 'FO', 234),
(218, 'Фиджи', 'Fiji', 'FJ', 242),
(219, 'Филиппины', 'Philippines', 'PH', 608),
(220, 'Финляндия', 'Finland', 'FI', 246),
(221, 'Фолклендские острова (Мальвинские)', 'Falkland Islands (Malvinas)', 'FK', 238),
(222, 'Франция', 'France', 'FR', 250),
(223, 'Французская Гвиана', 'French Guiana', 'GF', 254),
(224, 'Французская Полинезия', 'French Polynesia', 'PF', 258),
(225, 'Французские Южные территории', 'French Southern Territories', 'TF', 260),
(226, 'Хорватия', 'Croatia', 'HR', 191),
(227, 'Центрально-Африканская Республика', 'Central African Republic', 'CF', 140),
(228, 'Чад', 'Chad', 'TD', 148),
(229, 'Черногория', 'Montenegro', 'ME', 499),
(230, 'Чешская Республика', 'Czech Republic', 'CZ', 203),
(231, 'Чили', 'Chile', 'CL', 152),
(232, 'Швейцария', 'Switzerland', 'CH', 756),
(233, 'Швеция', 'Sweden', 'SE', 752),
(234, 'Шпицберген и Ян Майен', 'Svalbard and Jan Mayen', 'SJ', 744),
(235, 'Шри-Ланка', 'Sri Lanka', 'LK', 144),
(236, 'Эквадор', 'Ecuador', 'EC', 218),
(237, 'Экваториальная Гвинея', 'Equatorial Guinea', 'GQ', 226),
(238, 'Эландские острова', 'Åland Islands', 'AX', 248),
(239, 'Эль-Сальвадор', 'El Salvador', 'SV', 222),
(240, 'Эритрея', 'Eritrea', 'ER', 232),
(241, 'Эстония', 'Estonia', 'EE', 233),
(242, 'Эфиопия', 'Ethiopia', 'ET', 231),
(243, 'Южная Африка', 'South Africa', 'ZA', 710),
(244, 'Южная Джорджия и Южные Сандвичевы острова', 'South Georgia and the South Sandwich Islands', 'GS', 239),
(245, 'Южная Осетия', 'South Ossetia', 'OS', 896),
(246, 'Южный Судан', 'South Sudan', 'SS', 728),
(247, 'Ямайка', 'Jamaica', 'JM', 388),
(248, 'Япония', 'Japan', 'JP', 392);

-- --------------------------------------------------------

--
-- Структура таблицы `direction`
--

CREATE TABLE `direction` (
  `id` int(11) NOT NULL,
  `name` varchar(128) NOT NULL
) ENGINE=InnoDB DEFAULT CHARSET=utf8mb4;

--
-- Дамп данных таблицы `direction`
--

INSERT INTO `direction` (`id`, `name`) VALUES
(5, 'Аналитика'),
(3, 'Биг Дата'),
(2, 'Дизайн'),
(4, 'Информационная безопасность'),
(1, 'ИТ');

-- --------------------------------------------------------

--
-- Структура таблицы `event`
--

CREATE TABLE `event` (
  `id` int(11) NOT NULL,
  `title` varchar(512) NOT NULL,
  `direction_id` int(11) NOT NULL,
  `start_datetime` datetime NOT NULL,
  `end_datetime` datetime NOT NULL,
  `city_id` int(11) DEFAULT NULL,
  `organizer_id` int(11) DEFAULT NULL,
  `logo` varchar(128) DEFAULT NULL,
  `description` text DEFAULT NULL
) ENGINE=InnoDB DEFAULT CHARSET=utf8mb4;

--
-- Дамп данных таблицы `event`
--

INSERT INTO `event` (`id`, `title`, `direction_id`, `start_datetime`, `end_datetime`, `city_id`, `organizer_id`, `logo`, `description`) VALUES
(1, 'Встреча клуба «Leader stories»: Мотивирующее руководство', 1, '2023-11-09 09:00:00', '2023-11-09 14:00:00', NULL, 1, NULL, NULL),
(2, 'Быстрее, выше, сильнее: как спорт помогает бизнесу и корпорациям', 2, '2023-04-13 09:00:00', '2023-04-13 14:00:00', NULL, 2, NULL, NULL),
(3, 'Встреча пользователей PTV в России', 1, '2022-04-16 09:00:00', '2022-04-16 14:00:00', NULL, 3, NULL, NULL),
(4, 'Встреча СПб СоА 16 апреля. Репетиция докладов к Analyst Days', 5, '2022-10-18 09:00:00', '2022-10-18 14:00:00', NULL, 4, NULL, NULL),
(5, 'Встреча №3 HR-клуба Моего круга', 2, '2022-11-27 09:00:00', '2022-11-27 14:00:00', NULL, 5, NULL, NULL),
(6, 'Встреча №4 HR-клуба «Моего круга»', 4, '2023-10-31 09:00:00', '2023-10-31 14:00:00', NULL, 6, NULL, NULL),
(7, 'Встреча SPb Python Community', 5, '2022-07-02 09:00:00', '2022-07-02 14:00:00', NULL, 7, NULL, NULL),
(8, 'Встреча SpbDotNet №36', 4, '2022-10-14 09:00:00', '2022-10-14 17:30:00', NULL, 8, NULL, NULL),
(9, 'Встреча SpbDotNet №40', 4, '2023-05-08 09:00:00', '2023-05-08 14:00:00', NULL, 9, NULL, NULL),
(10, 'Выбор и создание методов решения аналитических задач', 3, '2023-09-13 09:00:00', '2023-09-13 14:00:00', NULL, 10, NULL, NULL);

-- --------------------------------------------------------

--
-- Структура таблицы `role`
--

CREATE TABLE `role` (
  `id` int(11) NOT NULL,
  `code` varchar(32) NOT NULL,
  `label_ru` varchar(64) NOT NULL
) ENGINE=InnoDB DEFAULT CHARSET=utf8mb4;

--
-- Дамп данных таблицы `role`
--

INSERT INTO `role` (`id`, `code`, `label_ru`) VALUES
(1, 'participant', 'Участник'),
(2, 'moderator', 'Модератор'),
(3, 'organizer', 'Организатор'),
(4, 'jury', 'Жюри');

-- --------------------------------------------------------

--
-- Структура таблицы `user`
--

CREATE TABLE `user` (
  `id` int(11) NOT NULL,
  `id_number` varchar(32) NOT NULL,
  `role_id` int(11) NOT NULL,
  `full_name` varchar(255) DEFAULT NULL,
  `password_hash` varchar(255) DEFAULT NULL,
  `email` varchar(255) DEFAULT NULL,
  `phone` varchar(64) DEFAULT NULL,
  `photo` varchar(128) DEFAULT NULL,
  `direction_id` int(11) DEFAULT NULL,
  `country_id` int(11) DEFAULT NULL,
  `birth_date` date DEFAULT NULL,
  `gender` enum('male','female') DEFAULT NULL,
  `remembered` tinyint(1) DEFAULT 0
) ENGINE=InnoDB DEFAULT CHARSET=utf8mb4;

--
-- Дамп данных таблицы `user`
--

INSERT INTO `user` (`id`, `id_number`, `role_id`, `full_name`, `password_hash`, `email`, `phone`, `photo`, `direction_id`, `country_id`, `birth_date`, `gender`, `remembered`) VALUES
(1, '6z92wongmash@tutanota.com', 3, 'Васильев Всеволод Давидович', 'yNsKPvyS/yI9qcS1pFlm9gTKxiXFkncLYX/BIUuhuis=', '6z92wongmash@tutanota.com', '+7 (354) 903-53-67', 'foto1.jpg', NULL, 51, '1988-10-16', 'male', 0),
(2, 'jkp23vlzsqei@gmail.com', 3, 'Новиков Фёдор Макарович', 'lqiqL6/dpNR0y8cXIbKWtCUhx3+kGrTi5V6nTrmTXrg=', 'jkp23vlzsqei@gmail.com', '7(6562)925-01-77', 'foto2.jpg', NULL, 33, '1980-08-03', 'male', 0),
(3, 'dncmxp1vqr4t@tutanota.com', 3, 'Фролова Владислава Савельевна', 'kmTg2MQA3jYl1j3xR8NLKY/3EaxG9BhTwEl9CxzKzgg=', 'dncmxp1vqr4t@tutanota.com', '7(12)981-33-56', 'foto3.jpg', NULL, 43, '1999-07-13', 'female', 0),
(4, 'sn4xvg8wyb0h@outlook.com', 3, 'Кузнецов Елисей Александрович', 'XaPY4bQKRm5ni344IhLkX3NgcXtA19UjJD93fQQJC30=', 'sn4xvg8wyb0h@outlook.com', '+7 (698) 667-22-45', 'foto4.jpg', NULL, 3, '1983-12-19', 'male', 0),
(5, '9zaecohlw2xy@tutanota.com', 3, 'Рябова София Матвеевна', 'PIb8Jh1tsFiaftf2v8JA/WPNQ58bHWXX+nA+I0IZYGY=', '9zaecohlw2xy@tutanota.com', '7(38)393-11-43', 'foto5.jpg', NULL, 33, '1998-08-10', 'female', 0),
(6, 'sohzld6c52mv@gmail.com', 3, 'Власов Арсений Львович', 'za+YBxrsr/3qIz1pIetDFehIFGdazlNUhtVW980rHsA=', 'sohzld6c52mv@gmail.com', '7(4297)539-13-81', 'foto6.jpg', NULL, 31, '1980-05-28', 'male', 0),
(7, 'a1v0lgxsz3qb@mail.com', 3, 'Маслова Екатерина Макаровна', 'rt0avIqPEIX2Qsm1o02cj8T21tCY28G6K/GB+raTufI=', 'a1v0lgxsz3qb@mail.com', '7(49)638-66-62', 'foto7.jpg', NULL, 40, '1983-10-26', 'female', 0),
(8, 'lry2ko5t031w@gmail.com', 3, 'Агафонов Давид Артёмович', 'ADjdHULHr5sh3SNGZQ9NTUGPTkvVkDKXOpRaLtUb6Kg=', 'lry2ko5t031w@gmail.com', '7(65)706-55-85', 'foto8.jpg', NULL, 27, '1995-10-14', 'male', 0),
(9, 'omrjzf0pc8n6@outlook.com', 3, 'Федотова Варвара Сергеевна', 'Q8PMYnKwvEERPb1+7ijdHp5XgcpUnpK1zdm5dELfr6w=', 'omrjzf0pc8n6@outlook.com', '7(40)420-24-06', 'foto9.jpg', NULL, 2, '1996-12-05', 'female', 0),
(10, 't1wpou7merxi@yahoo.com', 3, 'Кудряшова Виктория Дмитриевна', 'jLjYTPODsiRBRrvkVc8b3NHlGJxif8ssFeE3hkBJIDU=', 't1wpou7merxi@yahoo.com', '+7 (427) 939-24-67', 'foto10.jpg', NULL, 16, '1999-02-13', 'female', 0),
(11, 'obuckridge@sipes.com', 4, 'Галкина Верона Васильевна', 'UAipopMbVozDH/P2VIPG4Snadwian9vUgG56zjo/ZLQ=', 'obuckridge@sipes.com', '+7 (880) 544-61-83', 'foto21.jpg', 2, 35, '1969-05-18', 'female', 0),
(12, 'loraine.aufderhar@johnston.info', 4, 'Герасимова Айлин Ефимовна', 'zii59VQeiQS0Zeg2sZEhLkyT7b7pVZV6b1hNux+oQ68=', 'loraine.aufderhar@johnston.info', '+7 (835) 478-61-60', 'foto22.jpg', 2, 53, '1966-06-09', 'female', 0),
(13, 'juanita.kuvalis@yahoo.com', 4, 'Большаков Августин Алексеевич', 'N0ZqCqj2lEQewGV3ClC3KyB1xF8aGIHhj5DipQ/hgA4=', 'juanita.kuvalis@yahoo.com', '+7 (173) 770-55-13', 'foto23.jpg', 1, 52, '1978-07-12', 'male', 0),
(14, 'ibode@lebsack.com', 4, 'Морозов Ким Демьянович', 'cIhl5xIza6guwrfWQGdNwSW8O1DvhD4UbZJvh65LCZQ=', 'ibode@lebsack.com', '+7 (518) 761-85-69', 'foto24.jpg', 1, 67, '1981-10-11', 'male', 0),
(15, 'lilly.rodriguez@yahoo.com', 4, 'Кошелев Лука Артёмович', '71W3gzKO7IrCDhaEvqqCy1Co8BqUGyPWye06KYnRqKU=', 'lilly.rodriguez@yahoo.com', '+7 (375) 644-35-80', 'foto25.jpg', 1, 81, '1995-05-30', 'male', 0),
(16, 'sandrine84@gmail.com', 4, 'Ларионова Марина Владимировна', '4a/ol2thfy8tVS+HkFL9h5L8UBMxsCStEbYUEqqadQU=', 'sandrine84@gmail.com', '+7 (521) 121-28-90', 'foto26.jpg', 1, 94, '1950-06-06', 'female', 0),
(17, 'pearlie.watsica@wintheiser.com', 4, 'Маслова Марфа Феликсовна', 'g2U9PnhPQVGoK7bmtwGU44ws4MydtfIFBFaXsd+ENbM=', 'pearlie.watsica@wintheiser.com', '+7 (615) 741-11-77', 'foto27.jpg', 3, 52, '1997-11-22', 'female', 0),
(18, 'kaela97@hotmail.com', 4, 'Гришин Вениамин Петрович', 'q7Ou3zRZkHk8GEeoBfWjTpYoy8uOVFizEYg8Nh6pVQY=', 'kaela97@hotmail.com', '+7 (420) 788-04-09', 'foto28.jpg', 4, 72, '1954-10-15', 'male', 0),
(19, 'gino.baumbach@gmail.com', 4, 'Гришин Владислав Аркадьевич', 'hpJsR9qWwYS6jzGLVq1Cxt+lqzUJQGO0896BJHGiJcI=', 'gino.baumbach@gmail.com', '+7 (207) 088-79-39', 'foto29.jpg', 1, 34, '1950-08-31', 'male', 0),
(20, 'deja76@mante.info', 4, 'Корнилова Габи Георгьевна', 'XrLsnU3RJPTHRI9L1hTHlEeX6UH6bdosMPNt0IAEaC0=', 'deja76@mante.info', '+7 (809) 651-85-96', 'foto30.jpg', 4, 64, '1962-12-26', 'female', 0),
(21, 'techie@outlook.com', 1, 'Ершова Нора Федотовна', '9VqGLmbeiqwoVvkRdLz1P8b9LGpX89GdKYJpgIEFy0o=', 'techie@outlook.com', '9604240711', 'foto60.jpg', NULL, 71, '1987-03-26', 'female', 0),
(22, 'agapow@yahoo.com', 1, 'Афанасьева Жанна Валентиновна', 'p5KdzQpwgIZ63oHxar0WAMQelTF1kCzpzeFXxSC7oC8=', 'agapow@yahoo.com', '9306616931', 'foto61.jpg', NULL, 34, '1988-01-04', 'female', 0),
(23, 'chaikin@yahoo.ca', 1, 'Крылова Рая Всеволодовна', '3Qy5i38zrMfaIzcM63NMz81yXK/ur40u1adAAKydDqo=', 'chaikin@yahoo.ca', '9572656068', 'foto62.jpg', NULL, 73, '1988-04-05', 'female', 0),
(24, 'lbecchi@yahoo.ca', 1, 'Попова Вида Тимофеевна', 'b/+s40ueCly+yaeZ/OS1766Uo/lwthhQ3kZW7ns3iTo=', 'lbecchi@yahoo.ca', '9117440314', 'foto63.jpg', NULL, 64, '1989-10-25', 'female', 0),
(25, 'bbirth@gmail.com', 1, 'Давыдова Сандра Богуславовна', 'NFv673XfnEulru/L1y07CFfQaOby6M2eigohCerCdxM=', 'bbirth@gmail.com', '9848778764', 'foto64.jpg', NULL, 55, '1989-12-27', 'female', 0),
(26, 'library@sbcglobal.net', 1, 'Прохорова Сабина Созоновна', 'x3mQfmzFhhRUtGY16HdSRs/jMiYZMm6oCLe7+TxJs20=', 'library@sbcglobal.net', '9405002072', 'foto65.jpg', NULL, 77, '1990-01-16', 'female', 0),
(27, 'sisyphus@live.com', 1, 'Громова Сильва Адольфовна', 'vJp/hlgedyhO9t/Bea6BmxeQFkxFBJDdlZ31IB6NbLw=', 'sisyphus@live.com', '9560567521', 'foto66.jpg', NULL, 52, '1990-06-13', 'female', 0),
(28, 'msroth@hotmail.com', 1, 'Боброва Джема Феликсовна', '8qypehi38y0TcIsh7Vujh8q87IGhbOxreXqD4L0DQWE=', 'msroth@hotmail.com', '9654933966', 'foto67.jpg', NULL, 28, '1990-07-03', 'female', 0),
(29, 'dodong@yahoo.com', 1, 'Фокина Алия Юлиановна', 'cJHu/nW8/JDH3wCfCQ5773chjzl7p+H2a1C/tjOzCBw=', 'dodong@yahoo.com', '9973296978', 'foto68.jpg', NULL, 53, '1990-11-27', 'female', 0),
(30, 'bcevc@hotmail.com', 1, 'Калинина Маргарита Анатольевна', 'Y5bv9wPHjUbB5jP86x2fO9Ox+n8iPGW+ERMmbIrKQpA=', 'bcevc@hotmail.com', '9645715650', 'foto69.jpg', NULL, 74, '1991-06-08', 'female', 0),
(31, 'sethbrown@aol.com', 1, 'Горшкова Дина Тарасовна', 'd3YvugbR4HxTX+d0+MVCbWOXnep32BRDlh4IDHDMQ14=', 'sethbrown@aol.com', '9184188073', 'foto70.jpg', NULL, 7, '1991-08-13', 'female', 0),
(32, 'ftgvh2xbdaps@tutanota.com', 1, 'Гуляева Ирэна Юрьевна', '1iRiTyKf5z8sO6NHPczT5jNY/gwKDaBHvUVcyh5ELJs=', 'ftgvh2xbdaps@tutanota.com', '918413939', 'foto1.jpg', NULL, 38, '1992-10-03', 'female', 0),
(33, 'ervbd91pfcoi@mail.com', 1, 'Бурова Келен Натановна', 'X8QTwErZnjrezSjBRWeit6BvytRcrOI9Fzy2L/xdePM=', 'ervbd91pfcoi@mail.com', '9184181029', 'foto2.jpg', NULL, 54, '1990-09-19', 'female', 0),
(34, 'p3y4b981xwdl@outlook.com', 1, 'Королёва Лаура Пётровна', '7fvIX8g1EmVSbzirqSR6WoThxgqzB2G9Uez97fwsoYc=', 'p3y4b981xwdl@outlook.com', '+7 (184) 188-29-42', 'foto3.jpg', NULL, 24, '1995-07-31', 'female', 0),
(35, '8e9kvxq6z70o@mail.com', 1, 'Степанова Розалия Евсеевна', 'CNI82V3ShKC2Bs1YdbuMyrot4Fcfza3OftRJHHOlyCQ=', '8e9kvxq6z70o@mail.com', '9184180129', 'foto4.jpg', NULL, 24, '1994-11-02', 'female', 0),
(36, 'obnk82vzpg34@yahoo.com', 1, 'Тимофеева Евгения Викторовна', 'Btdq4qk9Up+x1FABUdgkRsLusWFDlkSk2IMESsVSuAA=', 'obnk82vzpg34@yahoo.com', '9184181203', 'foto5.jpg', NULL, 11, '1982-01-02', 'female', 0),
(37, 'wl652rgtk9js@gmail.com', 1, 'Дроздова Винетта Германовна', 'LY0BLVxEk+CaEdOS37a0+RYzYo3u3b8WF5PoF71BoiI=', 'wl652rgtk9js@gmail.com', '9184181035', 'foto6.jpg', NULL, 1, '1996-06-17', 'female', 0),
(38, '23rgct5v1myx@gmail.com', 1, 'Лукина Ксения Романовна', 'AQk9a91Fm2/UY5XvPJSFcdQlsMabE3z+9GK4mNqwBSI=', '23rgct5v1myx@gmail.com', '9184181038', 'foto7.jpg', NULL, 2, '1990-09-18', 'female', 0),
(39, 'i4fs8e6mlk5p@yahoo.com', 1, 'Мышкина Триана Геннадьевна', '1HTeIN8Vn45ClpytFCbBxhAhevhc3LnIG8WM76eNRXA=', 'i4fs8e6mlk5p@yahoo.com', '9184189137', 'foto8.jpg', NULL, 54, '1981-12-30', 'female', 0),
(40, '4hu6f8dxvngq@tutanota.com', 1, 'Михеева Аделия Авксентьевна', 'fNCKQVNv0RuTVQC4emdJxbxrGgX5Da0Ge/cFjkcLAEg=', '4hu6f8dxvngq@tutanota.com', '9182394582', 'foto9.jpg', NULL, 64, '1989-06-11', 'female', 0),
(41, 'iunhxq41tgr5@tutanota.com', 2, 'Царева Виктория Давидовна', 'zLhC8hHF2qgRpLsVOB95IrENph9XZDQiS0syTq4Dau0=', 'iunhxq41tgr5@tutanota.com', '+7 (567) 103-73-32', 'foto9.jpg', 1, 33, '1988-07-03', 'female', 0),
(42, 'ofdt4z1bijq0@tutanota.com', 2, 'Зорин Дмитрий Маркович', 'PzHIWl7bdno4szubrmMonkcyDRGdNB2MC8CH4RcfGNQ=', 'ofdt4z1bijq0@tutanota.com', '7(79)644-01-06', 'foto10.jpg', 1, 57, '1993-09-07', 'male', 0),
(43, 'ac6yxzg7rl5k@mail.com', 2, 'Зотова Анна Тимуровна', 'TmIeN7H6vb9nZaECk/dxDnLWVN3IOUiLN76h9CnetaM=', 'ac6yxzg7rl5k@mail.com', '+7 (488) 643-19-98', 'foto8.jpg', 3, 11, '1990-09-21', 'female', 0),
(44, 'b1p4ur8nsedj@yahoo.com', 2, 'Соловьев Тимур Константинович', 'B/snSFy61lm4I+9SbL2S0+tGt7UMpOkOJW7yWpE5NKM=', 'b1p4ur8nsedj@yahoo.com', '7(1828)504-39-49', 'foto11.jpg', 2, 45, '1992-09-03', 'male', 0),
(45, 'wyo6k9emv1j5@mail.com', 2, 'Малахов Александр Фёдорович', 'd1s3nkzfiQDrlivIwDexNCcrrQZhegvdBheEtRZROOc=', 'wyo6k9emv1j5@mail.com', '+7 (905) 793-68-23', 'foto12.jpg', 3, 78, '1957-05-18', 'male', 0),
(46, 'g7kwp8lu65xi@tutanota.com', 2, 'Зорин Марк Ярославович', 'xHY+SYFPK4h7n2ID2XKCtK3hba9cNEIc2NjwLO7Q1tk=', 'g7kwp8lu65xi@tutanota.com', '7(54)522-60-54', 'foto13.jpg', 5, 82, '1961-03-09', 'male', 0),
(47, 'doj5r1m8xnky@gmail.com', 2, 'Егорова Ева Михайловна', 'SdLmeN5jgYpwIxhLg11OHIKIDxks8VdkjWg/gaB5/sY=', 'doj5r1m8xnky@gmail.com', '7(05)441-48-14', 'foto14.jpg', 1, 80, '1987-06-15', 'female', 0),
(48, 'bxk06h5touyr@mail.com', 2, 'Гущина Кристина Львовна', 'lrAQ1wMghUuG3zEZxqadfg1ShCvxjy+obH5LPdoE/G4=', 'bxk06h5touyr@mail.com', '+7 (023) 826-25-26', 'foto16.jpg', 4, 47, '1966-06-28', 'female', 0),
(49, '26yf8xbcntgp@gmail.com', 2, 'Кудрявцева Виктория Романовна', 'iAPO6+noUkXEhM1NMYhZAmWsSVNETEO1/64E431BtEo=', '26yf8xbcntgp@gmail.com', '7(7804)582-64-90', 'foto17.jpg', 3, 30, '1953-01-27', 'female', 0),
(50, '0z4fvq65c7tg@gmail.com', 2, 'Новикова Александра Александровна', '67eytflZb5va/W2ifinoFEvqhpSIDSAiOpNEppiuBJQ=', '0z4fvq65c7tg@gmail.com', '7(1472)122-56-07', 'foto18.jpg', 5, 76, '1982-09-02', 'female', 0),
(51, '3kma18t5furi@gmail.com', 2, 'Масленников Родион Филиппович', 'n6YW3J7G8JBTBP1onJluA1+afpioj0VNB9QxppCEkU8=', '3kma18t5furi@gmail.com', '7(23)912-71-67', 'foto19.jpg', 5, 24, '1952-06-09', 'male', 0),
(52, 'ws7nxyhd6g1o@yahoo.com', 2, 'Иванов Тимур Иванович', 'wKv9BhIytEr4vkwqvjW64uGsmALJi4TWUiwxhXL6NQg=', 'ws7nxyhd6g1o@yahoo.com', '7(5939)489-85-18', 'foto20.jpg', 4, 6, '1955-08-30', 'male', 0),
(53, 'oitzvs1mylj2@gmail.com', 2, 'Иванов Сергей Степанович', 'l1FG0C8CNS0U5BB2SUPV1zvz3vkM9iLaIsi9XYIj9tQ=', 'oitzvs1mylj2@gmail.com', '7(4020)034-48-35', 'foto21.jpg', 2, 83, '1993-09-01', 'male', 0),
(54, 'las6pufjkv45@outlook.com', 2, 'Спиридонов Ярослав Сергеевич', '654nzI6h8jg0H88IwIDqQtXYXZ90S5ksUFra0MbT0Ls=', 'las6pufjkv45@outlook.com', '7(17)843-77-26', 'foto22.jpg', 2, 64, '1969-04-22', 'male', 0),
(55, 'nl81b9i7s0ka@gmail.com', 2, 'Виноградова Эмилия Валерьевна', 'qynjcFnGy4VjFJ1i9Lysme5v1ovdaxRxlTBoUD+2Y+s=', 'nl81b9i7s0ka@gmail.com', '7(16)788-42-97', 'foto23.jpg', 2, 90, '1991-10-25', 'female', 0),
(56, 'ma87ser3gkj9@yahoo.com', 2, 'Мартынова Ева Семёновна', 'KRoyQeMpwlhtG+3LhqJPuJmObY8oPXcXaHJdfrcOoZU=', 'ma87ser3gkj9@yahoo.com', '+7 (087) 267-87-85', 'foto24.jpg', 4, 54, '1984-03-24', 'female', 0),
(57, 'dfmygtwpecj9@tutanota.com', 2, 'Яковлева Анисия Григорьевна', 'Nnkw9vuPniCPAdeiwZJaeYr2+Y+kIQVJaop0T006MTY=', 'dfmygtwpecj9@tutanota.com', '+7 (798) 711-92-89', 'foto25.jpg', 4, 53, '1997-09-13', 'female', 0),
(58, '82zju4yritwo@mail.com', 2, 'Свиридов Тимофей Александрович', 'cYZwEbuPFRkAp9kDsKgJrp+F/mFmFyt1eAiyj1jN4gA=', '82zju4yritwo@mail.com', '7(68)882-28-10', 'foto26.jpg', 3, 84, '1991-07-22', 'male', 0),
(59, 'zo6nye42s87t@yahoo.com', 2, 'Медведев Захар Даниилович', 'beIu2TU+7cj3yPnNvCmnjfIAqiYzLho63r/vkoXEAzM=', 'zo6nye42s87t@yahoo.com', '7(36)230-79-77', 'foto27.jpg', 5, 63, '1960-04-11', 'male', 0),
(60, '0cejwmnpqtb6@gmail.com', 2, 'Тихонова Елизавета Александровна', 'GTLYRViXNVKLUTbpitsZmeV3SAjzvJDKAjbjsav+Q/Q=', '0cejwmnpqtb6@gmail.com', '7(2594)224-28-37', 'foto28.jpg', 4, 34, '1955-01-07', 'female', 0),
(61, '42thql96cwe5@yahoo.com', 2, 'Рыжов Роман Константинович', 'uOPNOsaTL+B7GgUKa2Cy04rtIMR+EuSA5SvIM5leu6k=', '42thql96cwe5@yahoo.com', '7(1009)025-64-70', 'foto29.jpg', 3, 67, '1981-12-30', 'male', 0);

--
-- Индексы сохранённых таблиц
--

--

--
-- Индексы таблицы `activity_participant`
--
ALTER TABLE `activity_participant`
  ADD PRIMARY KEY (`activity_id`,`participant_id`),
  ADD KEY `participant_id` (`participant_id`);

-- Индексы таблицы `activity`
--
ALTER TABLE `activity`
  ADD PRIMARY KEY (`id`),
  ADD KEY `event_id` (`event_id`),
  ADD KEY `moderator_id` (`moderator_id`);

--
-- Индексы таблицы `activity_jury`
--
ALTER TABLE `activity_jury`
  ADD PRIMARY KEY (`activity_id`,`jury_id`),
  ADD KEY `jury_id` (`jury_id`);

--
-- Индексы таблицы `activity_winner`
--
ALTER TABLE `activity_winner`
  ADD PRIMARY KEY (`id`),
  ADD KEY `activity_id` (`activity_id`);

--
-- Индексы таблицы `city`
--
ALTER TABLE `city`
  ADD PRIMARY KEY (`id`),
  ADD KEY `country_id` (`country_id`);

--
-- Индексы таблицы `country`
--
ALTER TABLE `country`
  ADD PRIMARY KEY (`id`);

--
-- Индексы таблицы `direction`
--
ALTER TABLE `direction`
  ADD PRIMARY KEY (`id`),
  ADD UNIQUE KEY `name` (`name`);

--
-- Индексы таблицы `event`
--
ALTER TABLE `event`
  ADD PRIMARY KEY (`id`),
  ADD KEY `direction_id` (`direction_id`),
  ADD KEY `city_id` (`city_id`),
  ADD KEY `organizer_id` (`organizer_id`);

--
-- Индексы таблицы `role`
--
ALTER TABLE `role`
  ADD PRIMARY KEY (`id`),
  ADD UNIQUE KEY `code` (`code`);

--
-- Индексы таблицы `user`
--
ALTER TABLE `user`
  ADD PRIMARY KEY (`id`),
  ADD UNIQUE KEY `id_number` (`id_number`),
  ADD KEY `role_id` (`role_id`),
  ADD KEY `direction_id` (`direction_id`),
  ADD KEY `country_id` (`country_id`);

--
-- AUTO_INCREMENT для сохранённых таблиц
--

--
-- AUTO_INCREMENT для таблицы `activity`
--
ALTER TABLE `activity`
  MODIFY `id` int(11) NOT NULL AUTO_INCREMENT, AUTO_INCREMENT=31;

--
-- AUTO_INCREMENT для таблицы `activity_winner`
--
ALTER TABLE `activity_winner`
  MODIFY `id` int(11) NOT NULL AUTO_INCREMENT, AUTO_INCREMENT=29;

--
-- AUTO_INCREMENT для таблицы `city`
--
ALTER TABLE `city`
  MODIFY `id` int(11) NOT NULL AUTO_INCREMENT, AUTO_INCREMENT=1099;

--
-- AUTO_INCREMENT для таблицы `country`
--
ALTER TABLE `country`
  MODIFY `id` int(11) NOT NULL AUTO_INCREMENT, AUTO_INCREMENT=249;

--
-- AUTO_INCREMENT для таблицы `direction`
--
ALTER TABLE `direction`
  MODIFY `id` int(11) NOT NULL AUTO_INCREMENT, AUTO_INCREMENT=48;

--
-- AUTO_INCREMENT для таблицы `event`
--
ALTER TABLE `event`
  MODIFY `id` int(11) NOT NULL AUTO_INCREMENT, AUTO_INCREMENT=11;

--
-- AUTO_INCREMENT для таблицы `role`
--
ALTER TABLE `role`
  MODIFY `id` int(11) NOT NULL AUTO_INCREMENT, AUTO_INCREMENT=5;

--
-- AUTO_INCREMENT для таблицы `user`
--
ALTER TABLE `user`
  MODIFY `id` int(11) NOT NULL AUTO_INCREMENT, AUTO_INCREMENT=62;

--
-- Ограничения внешнего ключа сохраненных таблиц
--

--

--
-- Ограничения внешнего ключа таблицы `activity_participant`
--
ALTER TABLE `activity_participant`
  ADD CONSTRAINT `activity_participant_ibfk_1` FOREIGN KEY (`activity_id`) REFERENCES `activity` (`id`) ON DELETE CASCADE,
  ADD CONSTRAINT `activity_participant_ibfk_2` FOREIGN KEY (`participant_id`) REFERENCES `user` (`id`) ON DELETE CASCADE;

-- Ограничения внешнего ключа таблицы `activity`
--
ALTER TABLE `activity`
  ADD CONSTRAINT `activity_ibfk_1` FOREIGN KEY (`event_id`) REFERENCES `event` (`id`),
  ADD CONSTRAINT `activity_ibfk_2` FOREIGN KEY (`moderator_id`) REFERENCES `user` (`id`);

--
-- Ограничения внешнего ключа таблицы `activity_jury`
--
ALTER TABLE `activity_jury`
  ADD CONSTRAINT `activity_jury_ibfk_1` FOREIGN KEY (`activity_id`) REFERENCES `activity` (`id`),
  ADD CONSTRAINT `activity_jury_ibfk_2` FOREIGN KEY (`jury_id`) REFERENCES `user` (`id`);

--
-- Ограничения внешнего ключа таблицы `activity_winner`
--
ALTER TABLE `activity_winner`
  ADD CONSTRAINT `activity_winner_ibfk_1` FOREIGN KEY (`activity_id`) REFERENCES `activity` (`id`);

--
-- Ограничения внешнего ключа таблицы `city`
--
ALTER TABLE `city`
  ADD CONSTRAINT `city_ibfk_1` FOREIGN KEY (`country_id`) REFERENCES `country` (`id`);

--
-- Ограничения внешнего ключа таблицы `event`
--
ALTER TABLE `event`
  ADD CONSTRAINT `event_ibfk_1` FOREIGN KEY (`direction_id`) REFERENCES `direction` (`id`),
  ADD CONSTRAINT `event_ibfk_2` FOREIGN KEY (`city_id`) REFERENCES `city` (`id`),
  ADD CONSTRAINT `event_ibfk_3` FOREIGN KEY (`organizer_id`) REFERENCES `user` (`id`);

--
-- Ограничения внешнего ключа таблицы `user`
--
ALTER TABLE `user`
  ADD CONSTRAINT `user_ibfk_1` FOREIGN KEY (`role_id`) REFERENCES `role` (`id`),
  ADD CONSTRAINT `user_ibfk_2` FOREIGN KEY (`direction_id`) REFERENCES `direction` (`id`),
  ADD CONSTRAINT `user_ibfk_3` FOREIGN KEY (`country_id`) REFERENCES `country` (`id`);
COMMIT;

/*!40101 SET CHARACTER_SET_CLIENT=@OLD_CHARACTER_SET_CLIENT */;
/*!40101 SET CHARACTER_SET_RESULTS=@OLD_CHARACTER_SET_RESULTS */;
/*!40101 SET COLLATION_CONNECTION=@OLD_COLLATION_CONNECTION */;
